Campaign,Campaign Type,Networks,Budget,Budget type,Bid Strategy Type,Maximum CPC bid limit,Campaign Status,Languages,Location,Ad Group,Max CPC,Ad Group Status,Keyword,Criterion Type,Ad type,Final URL,Path 1,Path 2,Headline 1,Headline 2,Headline 3,Headline 4,Headline 5,Headline 6,Headline 7,Headline 8,Headline 9,Headline 10,Headline 11,Headline 12,Headline 13,Headline 14,Headline 15,Description 1,Description 2,Description 3,Description 4,Status
Search | İstanbul | Çelik kasa,Search,Google search,1500,Daily,Maximize clicks,30,Paused,tr,,,,,,,,,,,,,,,,,,,,,,,,,,,,,,
Search | İstanbul | Çelik kasa,,,,,,,,,"Istanbul, Turkey",,,,,,,,,,,,,,,,,,,,,,,,,,,,,
Search | İstanbul | Çelik kasa,,,,,,,,,,,,,kale,Campaign Negative Broad,,,,,,,,,,,,,,,,,,,,,,,,
Search | İstanbul | Çelik kasa,,,,,,,,,,,,,yale,Campaign Negative Broad,,,,,,,,,,,,,,,,,,,,,,,,
Search | İstanbul | Çelik kasa,,,,,,,,,,,,,yıldırım,Campaign Negative Broad,,,,,,,,,,,,,,,,,,,,,,,,
Search | İstanbul | Çelik kasa,,,,,,,,,,,,,burak,Campaign Negative Broad,,,,,,,,,,,,,,,,,,,,,,,,
Search | İstanbul | Çelik kasa,,,,,,,,,,,,,korkmaz,Campaign Negative Broad,,,,,,,,,,,,,,,,,,,,,,,,
Search | İstanbul | Çelik kasa,,,,,,,,,,,,,yılmaz,Campaign Negative Broad,,,,,,,,,,,,,,,,,,,,,,,,
Search | İstanbul | Çelik kasa,,,,,,,,,,,,,massan,Campaign Negative Broad,,,,,,,,,,,,,,,,,,,,,,,,
Search | İstanbul | Çelik kasa,,,,,,,,,,,,,philips,Campaign Negative Broad,,,,,,,,,,,,,,,,,,,,,,,,
Search | İstanbul | Çelik kasa,,,,,,,,,,,,,valberg,Campaign Negative Broad,,,,,,,,,,,,,,,,,,,,,,,,
Search | İstanbul | Çelik kasa,,,,,,,,,,,,,nas,Campaign Negative Broad,,,,,,,,,,,,,,,,,,,,,,,,
Search | İstanbul | Çelik kasa,,,,,,,,,,,,,yuma,Campaign Negative Broad,,,,,,,,,,,,,,,,,,,,,,,,
Search | İstanbul | Çelik kasa,,,,,,,,,,,,,hakan,Campaign Negative Broad,,,,,,,,,,,,,,,,,,,,,,,,
Search | İstanbul | Çelik kasa,,,,,,,,,,,,,bauhaus,Campaign Negative Broad,,,,,,,,,,,,,,,,,,,,,,,,
Search | İstanbul | Çelik kasa,,,,,,,,,,,,,dilaver,Campaign Negative Broad,,,,,,,,,,,,,,,,,,,,,,,,
Search | İstanbul | Çelik kasa,,,,,,,,,,,,,balatlı,Campaign Negative Broad,,,,,,,,,,,,,,,,,,,,,,,,
Search | İstanbul | Çelik kasa,,,,,,,,,,,,,2 el,Campaign Negative Broad,,,,,,,,,,,,,,,,,,,,,,,,
Search | İstanbul | Çelik kasa,,,,,,,,,,,,,ikinci el,Campaign Negative Broad,,,,,,,,,,,,,,,,,,,,,,,,
Search | İstanbul | Çelik kasa,,,,,,,,,,,,,sahibinden,Campaign Negative Broad,,,,,,,,,,,,,,,,,,,,,,,,
Search | İstanbul | Çelik kasa,,,,,,,,,,,,,letgo,Campaign Negative Broad,,,,,,,,,,,,,,,,,,,,,,,,
Search | İstanbul | Çelik kasa,,,,,,,,,,,,,kiralık,Campaign Negative Broad,,,,,,,,,,,,,,,,,,,,,,,,
Search | İstanbul | Çelik kasa,,,,,,,,,,,,,bilgisayar,Campaign Negative Broad,,,,,,,,,,,,,,,,,,,,,,,,
Search | İstanbul | Çelik kasa,,,,,,,,,,,,,pc,Campaign Negative Broad,,,,,,,,,,,,,,,,,,,,,,,,
Search | İstanbul | Çelik kasa,,,,,,,,,,,,,oyuncu,Campaign Negative Broad,,,,,,,,,,,,,,,,,,,,,,,,
Search | İstanbul | Çelik kasa,,,,,,,,,,,,,yazar kasa,Campaign Negative Broad,,,,,,,,,,,,,,,,,,,,,,,,
Search | İstanbul | Çelik kasa,,,,,,,,,,,,,pos,Campaign Negative Broad,,,,,,,,,,,,,,,,,,,,,,,,
Search | İstanbul | Çelik kasa,,,,,,,,,,,,,market,Campaign Negative Broad,,,,,,,,,,,,,,,,,,,,,,,,
Search | İstanbul | Çelik kasa,,,,,,,,,,,,,kasiyer,Campaign Negative Broad,,,,,,,,,,,,,,,,,,,,,,,,
Search | İstanbul | Çelik kasa,,,,,,,,,,,,,meyve,Campaign Negative Broad,,,,,,,,,,,,,,,,,,,,,,,,
Search | İstanbul | Çelik kasa,,,,,,,,,,,,,plastik,Campaign Negative Broad,,,,,,,,,,,,,,,,,,,,,,,,
Search | İstanbul | Çelik kasa,,,,,,,,,,,,,ahşap,Campaign Negative Broad,,,,,,,,,,,,,,,,,,,,,,,,
Search | İstanbul | Çelik kasa,,,,,,,,,,,,,bira,Campaign Negative Broad,,,,,,,,,,,,,,,,,,,,,,,,
Search | İstanbul | Çelik kasa,,,,,,,,,,,,,kamyon,Campaign Negative Broad,,,,,,,,,,,,,,,,,,,,,,,,
Search | İstanbul | Çelik kasa,,,,,,,,,,,,,tır,Campaign Negative Broad,,,,,,,,,,,,,,,,,,,,,,,,
Search | İstanbul | Çelik kasa,,,,,,,,,,,,,dorse,Campaign Negative Broad,,,,,,,,,,,,,,,,,,,,,,,,
Search | İstanbul | Çelik kasa,,,,,,,,,,,,,araba,Campaign Negative Broad,,,,,,,,,,,,,,,,,,,,,,,,
Search | İstanbul | Çelik kasa,,,,,,,,,,,,,oto,Campaign Negative Broad,,,,,,,,,,,,,,,,,,,,,,,,
Search | İstanbul | Çelik kasa,,,,,,,,,,,,,kapı,Campaign Negative Broad,,,,,,,,,,,,,,,,,,,,,,,,
Search | İstanbul | Çelik kasa,,,,,,,,,,,,,pencere,Campaign Negative Broad,,,,,,,,,,,,,,,,,,,,,,,,
Search | İstanbul | Çelik kasa,,,,,,,,,,,,,otel,Campaign Negative Broad,,,,,,,,,,,,,,,,,,,,,,,,
Search | İstanbul | Çelik kasa,,,,,,,,,,,,,şifre sıfırlama,Campaign Negative Broad,,,,,,,,,,,,,,,,,,,,,,,,
Search | İstanbul | Çelik kasa,,,,,,,,,,,,,şifresi,Campaign Negative Broad,,,,,,,,,,,,,,,,,,,,,,,,
Search | İstanbul | Çelik kasa,,,,,,,,,,,,,nasıl açılır,Campaign Negative Broad,,,,,,,,,,,,,,,,,,,,,,,,
Search | İstanbul | Çelik kasa,,,,,,,,,,,,,nasıl,Campaign Negative Broad,,,,,,,,,,,,,,,,,,,,,,,,
Search | İstanbul | Çelik kasa,,,,,,,,,,,,,çilingir,Campaign Negative Broad,,,,,,,,,,,,,,,,,,,,,,,,
Search | İstanbul | Çelik kasa,,,,,,,,,,,,,tamir,Campaign Negative Broad,,,,,,,,,,,,,,,,,,,,,,,,
Search | İstanbul | Çelik kasa,,,,,,,,,,,,,iş ilanı,Campaign Negative Broad,,,,,,,,,,,,,,,,,,,,,,,,
Search | İstanbul | Çelik kasa,,,,,,,,,,,,,eleman,Campaign Negative Broad,,,,,,,,,,,,,,,,,,,,,,,,
Search | İstanbul | Çelik kasa,,,,,,,,,,Genel,30,Enabled,,,,,,,,,,,,,,,,,,,,,,,,,,
Search | İstanbul | Çelik kasa,,,,,,,,,,Genel,,,çelik kasa,Exact,,,,,,,,,,,,,,,,,,,,,,,,Enabled
Search | İstanbul | Çelik kasa,,,,,,,,,,Genel,,,çelik kasa fiyatları,Exact,,,,,,,,,,,,,,,,,,,,,,,,Enabled
Search | İstanbul | Çelik kasa,,,,,,,,,,Genel,,,çelik kasa fiyatları,Phrase,,,,,,,,,,,,,,,,,,,,,,,,Enabled
Search | İstanbul | Çelik kasa,,,,,,,,,,Genel,,,istanbul çelik kasa,Exact,,,,,,,,,,,,,,,,,,,,,,,,Enabled
Search | İstanbul | Çelik kasa,,,,,,,,,,Genel,,,çelik kasa istanbul,Phrase,,,,,,,,,,,,,,,,,,,,,,,,Enabled
Search | İstanbul | Çelik kasa,,,,,,,,,,Genel,,,para kasası,Exact,,,,,,,,,,,,,,,,,,,,,,,,Enabled
Search | İstanbul | Çelik kasa,,,,,,,,,,Genel,,,para kasası fiyatları,Phrase,,,,,,,,,,,,,,,,,,,,,,,,Enabled
Search | İstanbul | Çelik kasa,,,,,,,,,,Genel,,,çelik kasa avcılar,Phrase,,,,,,,,,,,,,,,,,,,,,,,,Enabled
Search | İstanbul | Çelik kasa,,,,,,,,,,Genel,,,çelik kasa modelleri,Exact,,,,,,,,,,,,,,,,,,,,,,,,Enabled
Search | İstanbul | Çelik kasa,,,,,,,,,,Genel,,,,,Responsive search ad,https://celikkasaci.com/collections/celik-kasa,celik-kasa,fiyatlar,Çelik kasa 20.000 TL'den,90 kg ile 350 kg arası,"Çelik Kasacı, Avcılar",Mağazamız 24 saat açık,İstanbul çelik kasa fiyatları,Saat 15:00'e kadar sipariş,İstanbul'a aynı gün teslimat,Merdivenden taşıma dahil,"2 yıl garanti, kapıda ödeme",Şifreli ve anahtarlı modeller,Avcılar'daki mağazadan,Fiyatlar sitede açık,,,,Ev ve ofis için çelik kasalar 20.000 TL'den. İstanbul içinde teslimat ve taşıma dahil.,Saat 15:00'e kadar verilen siparişler aynı gün teslim edilir. Tüm kasalarda 2 yıl garanti.,Marketteki hafif kasalar değil: 90 kg ve üzeri çelik gövde. Fiyatlar sitede açık.,"Kartla ya da kapıda ödeme. Hangi model size uygun, emin değilseniz arayın.",Enabled
Search | İstanbul | Çelik kasa,,,,,,,,,,Ev tipi,30,Enabled,,,,,,,,,,,,,,,,,,,,,,,,,,
Search | İstanbul | Çelik kasa,,,,,,,,,,Ev tipi,,,ev tipi kasa,Exact,,,,,,,,,,,,,,,,,,,,,,,,Enabled
Search | İstanbul | Çelik kasa,,,,,,,,,,Ev tipi,,,ev tipi çelik kasa,Exact,,,,,,,,,,,,,,,,,,,,,,,,Enabled
Search | İstanbul | Çelik kasa,,,,,,,,,,Ev tipi,,,ev tipi çelik kasa,Phrase,,,,,,,,,,,,,,,,,,,,,,,,Enabled
Search | İstanbul | Çelik kasa,,,,,,,,,,Ev tipi,,,ev için para kasası,Phrase,,,,,,,,,,,,,,,,,,,,,,,,Enabled
Search | İstanbul | Çelik kasa,,,,,,,,,,Ev tipi,,,ev kasası,Phrase,,,,,,,,,,,,,,,,,,,,,,,,Enabled
Search | İstanbul | Çelik kasa,,,,,,,,,,Ev tipi,,,ev için çelik kasa,Phrase,,,,,,,,,,,,,,,,,,,,,,,,Enabled
Search | İstanbul | Çelik kasa,,,,,,,,,,Ev tipi,,,altın kasası,Phrase,,,,,,,,,,,,,,,,,,,,,,,,Enabled
Search | İstanbul | Çelik kasa,,,,,,,,,,Ev tipi,,,şifreli çelik kasa,Phrase,,,,,,,,,,,,,,,,,,,,,,,,Enabled
Search | İstanbul | Çelik kasa,,,,,,,,,,Ev tipi,,,,,Responsive search ad,https://celikkasaci.com/collections/ev-ofis-kasasi,ev-tipi,kasa,Ev tipi kasa 20.000 TL'den,Ev için çelik kasa,55 cm ve 70 cm ev kasaları,90 kg'dan başlayan gövde,İstanbul'a aynı gün teslimat,Merdivenden taşıma dahil,"2 yıl garanti, kapıda ödeme",Şifreli ve anahtarlı modeller,Avcılar'daki mağazadan,Fiyatlar sitede açık,,,,,,Ev tipi çelik kasalar 20.000 TL'den. İstanbul içinde teslimat ve merdivenden taşıma dahil.,Saat 15:00'e kadar verilen siparişler aynı gün teslim edilir. Tüm kasalarda 2 yıl garanti.,"Para, altın, tapu ve pasaport için şifreli ve anahtarlı modeller. Fiyatlar sitede açık.","Kartla ya da kapıda ödeme. Hangi model size uygun, emin değilseniz arayın.",Enabled
Search | İstanbul | Çelik kasa,,,,,,,,,,Zırhlı,30,Enabled,,,,,,,,,,,,,,,,,,,,,,,,,,
Search | İstanbul | Çelik kasa,,,,,,,,,,Zırhlı,,,zırhlı kasa,Exact,,,,,,,,,,,,,,,,,,,,,,,,Enabled
Search | İstanbul | Çelik kasa,,,,,,,,,,Zırhlı,,,zırhlı çelik kasa,Phrase,,,,,,,,,,,,,,,,,,,,,,,,Enabled
Search | İstanbul | Çelik kasa,,,,,,,,,,Zırhlı,,,zırhlı kasa fiyatları,Phrase,,,,,,,,,,,,,,,,,,,,,,,,Enabled
Search | İstanbul | Çelik kasa,,,,,,,,,,Zırhlı,,,panzer kasa,Phrase,,,,,,,,,,,,,,,,,,,,,,,,Enabled
Search | İstanbul | Çelik kasa,,,,,,,,,,Zırhlı,,,,,Responsive search ad,https://celikkasaci.com/collections/zirhli-celik-kasa,zirhli,kasa,Zırhlı kasa 75.000 TL'den,Zırhlı çelik kasa modelleri,PANZER zırhlı seri,İstanbul'a aynı gün teslimat,Merdivenden taşıma dahil,"2 yıl garanti, kapıda ödeme",Şifreli ve anahtarlı modeller,Avcılar'daki mağazadan,Fiyatlar sitede açık,,,,,,,Zırhlı çelik kasalar 75.000 TL'den. İstanbul içinde teslimat ve merdivenden taşıma dahil.,Saat 15:00'e kadar verilen siparişler aynı gün teslim edilir. Tüm kasalarda 2 yıl garanti.,Ev ve iş yeri için ağır gövdeli zırhlı modeller. Ölçü ve ağırlık ürün sayfasında.,"Kartla ya da kapıda ödeme. Hangi model size uygun, emin değilseniz arayın.",Enabled
Search | İstanbul | Çelik kasa,,,,,,,,,,Parmak izli,30,Enabled,,,,,,,,,,,,,,,,,,,,,,,,,,
Search | İstanbul | Çelik kasa,,,,,,,,,,Parmak izli,,,parmak izli kasa,Phrase,,,,,,,,,,,,,,,,,,,,,,,,Enabled
Search | İstanbul | Çelik kasa,,,,,,,,,,Parmak izli,,,parmak izli çelik kasa,Phrase,,,,,,,,,,,,,,,,,,,,,,,,Enabled
Search | İstanbul | Çelik kasa,,,,,,,,,,Parmak izli,,,,,Responsive search ad,https://celikkasaci.com/collections/premium-ev-ofis-kasasi,parmak-izli,kasa,Parmak izli kasa 60.000 TL'den,Parmak izli çelik kasa,"Şifre, parmak izi, anahtar",İstanbul'a aynı gün teslimat,Merdivenden taşıma dahil,"2 yıl garanti, kapıda ödeme",Şifreli ve anahtarlı modeller,Avcılar'daki mağazadan,Fiyatlar sitede açık,,,,,,,Parmak izli çelik kasalar 60.000 TL'den. İstanbul içinde teslimat ve taşıma dahil.,Saat 15:00'e kadar verilen siparişler aynı gün teslim edilir. Tüm kasalarda 2 yıl garanti.,Hangi modelde parmak izli kilit olduğu ürün sayfasında yazar. Fiyatlar sitede açık.,"Kartla ya da kapıda ödeme. Hangi model size uygun, emin değilseniz arayın.",Enabled
Search | İstanbul | Çelik kasa,,,,,,,,,,Kuyumcu,30,Enabled,,,,,,,,,,,,,,,,,,,,,,,,,,
Search | İstanbul | Çelik kasa,,,,,,,,,,Kuyumcu,,,kuyumcu kasası,Phrase,,,,,,,,,,,,,,,,,,,,,,,,Enabled
Search | İstanbul | Çelik kasa,,,,,,,,,,Kuyumcu,,,kuyumcu çelik kasa,Phrase,,,,,,,,,,,,,,,,,,,,,,,,Enabled
Search | İstanbul | Çelik kasa,,,,,,,,,,Kuyumcu,,,kuyumcu çelik kasa fiyatları,Phrase,,,,,,,,,,,,,,,,,,,,,,,,Enabled
Search | İstanbul | Çelik kasa,,,,,,,,,,Kuyumcu,,,,,Responsive search ad,https://celikkasaci.com/collections/kuyumcu-kasalari,kuyumcu,kasa,Kuyumcu kasası 175.000 TL'den,Kuyumcu ve iş yeri kasaları,Asansörlü vitrin kasası,Ölçü için arayın,Avcılar'daki mağazadan,Fiyatlar sitede açık,2 yıl garanti,Merdivenden taşıma dahil,,,,,,,,Kuyumcu ve iş yeri kasaları 175.000 TL'den. İstanbul içinde teslimat ve taşıma dahil.,Çok kapaklı ve asansörlü modeller. Ölçü ve teslim günü için bizi arayın.,"Tüm kasalarda 2 yıl garanti. Fiyatlar sitede açık, toplu alımda fiyat isteyin.",Avcılar'daki mağazamızdan İstanbul'a teslimat. Kartla ya da kapıda ödeme.,Enabled
Search | İstanbul | Çelik kasa,,,,,,,,,,Asansörlü,30,Enabled,,,,,,,,,,,,,,,,,,,,,,,,,,
Search | İstanbul | Çelik kasa,,,,,,,,,,Asansörlü,,,asansörlü kuyumcu kasası,Phrase,,,,,,,,,,,,,,,,,,,,,,,,Enabled
Search | İstanbul | Çelik kasa,,,,,,,,,,Asansörlü,,,asansörlü çelik kasa,Phrase,,,,,,,,,,,,,,,,,,,,,,,,Enabled
Search | İstanbul | Çelik kasa,,,,,,,,,,Asansörlü,,,asansörlü vitrin kasası,Phrase,,,,,,,,,,,,,,,,,,,,,,,,Enabled
Search | İstanbul | Çelik kasa,,,,,,,,,,Asansörlü,,,,,Responsive search ad,https://celikkasaci.com/collections/asansorlu-kuyumcu-kasasi,asansorlu,kasa,Asansörlü kasa 350.000 TL'den,Asansörlü kuyumcu kasası,Vitrin tablasıyla iner,Ölçü için arayın,Avcılar'daki mağazadan,Fiyatlar sitede açık,2 yıl garanti,Kuyumcu vitrin kasası,,,,,,,,Vitrindeki ürünler tek tek toplanmaz: tabla ile birlikte kasanın içine iner.,Asansörlü kuyumcu vitrin kasaları 350.000 TL'den. Ölçü ve kurulum için arayın.,Tüm kasalarda 2 yıl garanti. İstanbul içinde teslimat ve taşıma dahil.,Avcılar'daki mağazamızdan İstanbul'a teslimat. Kartla ya da kapıda ödeme.,Enabled
Search | İstanbul | Çelik kasa,,,,,,,,,,Ofis ve evrak,30,Enabled,,,,,,,,,,,,,,,,,,,,,,,,,,
Search | İstanbul | Çelik kasa,,,,,,,,,,Ofis ve evrak,,,ofis tipi çelik kasa,Phrase,,,,,,,,,,,,,,,,,,,,,,,,Enabled
Search | İstanbul | Çelik kasa,,,,,,,,,,Ofis ve evrak,,,evrak kasası,Phrase,,,,,,,,,,,,,,,,,,,,,,,,Enabled
Search | İstanbul | Çelik kasa,,,,,,,,,,Ofis ve evrak,,,dosya kasası,Phrase,,,,,,,,,,,,,,,,,,,,,,,,Enabled
Search | İstanbul | Çelik kasa,,,,,,,,,,Ofis ve evrak,,,ofis kasası,Phrase,,,,,,,,,,,,,,,,,,,,,,,,Enabled
Search | İstanbul | Çelik kasa,,,,,,,,,,Ofis ve evrak,,,,,Responsive search ad,https://celikkasaci.com/collections/dosya-kasalari,evrak-kasasi,ofis,Evrak kasası 26.000 TL'den,Dosya ve evrak kasaları,Ofis tipi çelik kasa,İstanbul'a aynı gün teslimat,Merdivenden taşıma dahil,"2 yıl garanti, kapıda ödeme",Şifreli ve anahtarlı modeller,Avcılar'daki mağazadan,Fiyatlar sitede açık,,,,,,,Dosya ve evrak kasaları 26.000 TL'den. İstanbul içinde teslimat ve taşıma dahil.,Saat 15:00'e kadar verilen siparişler aynı gün teslim edilir. Tüm kasalarda 2 yıl garanti.,"Tapu, sözleşme ve şirket evrakı için büyük iç hacimli modeller. Fiyatlar sitede açık.",Kartla ya da kapıda ödeme. Toplu alımda fiyat isteyin.,Enabled
Search | İstanbul | Çelik kasa,,,,,,,,,,Marka,30,Enabled,,,,,,,,,,,,,,,,,,,,,,,,,,
Search | İstanbul | Çelik kasa,,,,,,,,,,Marka,,,çelik kasacı,Exact,,,,,,,,,,,,,,,,,,,,,,,,Enabled
Search | İstanbul | Çelik kasa,,,,,,,,,,Marka,,,celikkasaci,Exact,,,,,,,,,,,,,,,,,,,,,,,,Enabled
Search | İstanbul | Çelik kasa,,,,,,,,,,Marka,,,celikkasaci.com,Phrase,,,,,,,,,,,,,,,,,,,,,,,,Enabled
Search | İstanbul | Çelik kasa,,,,,,,,,,Marka,,,,,Responsive search ad,https://celikkasaci.com/,celik-kasaci,,"Çelik Kasacı, Avcılar",Çelik Kasacı resmi sitesi,Çelik kasa 20.000 TL'den,İstanbul'a aynı gün teslimat,Merdivenden taşıma dahil,"2 yıl garanti, kapıda ödeme",Şifreli ve anahtarlı modeller,Avcılar'daki mağazadan,Fiyatlar sitede açık,,,,,,,Çelik Kasacı: Avcılar'dan İstanbul'a çelik kasa. Teslimat ve merdivenden taşıma dahil.,Saat 15:00'e kadar verilen siparişler aynı gün teslim edilir. Tüm kasalarda 2 yıl garanti.,"Ev, ofis, zırhlı ve kuyumcu kasaları. Fiyatlar sitede açık.",Kartla ya da kapıda ödeme. Mağazamız 24 saat açık.,Enabled
