handle,title,status,variants,price_tl,compare_at_tl,discount_pct,stock,inventory_policy,sku,missing_kasa_metafields,same_main_photo_as,flags
55-cm-zirhli-kasa-250-kg,55 CM ZIRHLI KASA 250 KG,DRAFT,1,75000,80000,6,10,DENY,,agirlik_kg dis_yukseklik_cm dis_genislik_cm dis_derinlik_cm govde_sac_mm kilit_tipi model_kodu,,compare-at price shown (needs 10-day price evidence or removal); no SKU / model code
70-cm-zirhli-kasa-300-kg,PANZER 70 cm Zırhlı Çelik Kasa 300 KG – Anahtarlı Profesyonel Güvenlik Kasası,ACTIVE,1,100000,110000,9,9,DENY,,agirlik_kg dis_yukseklik_cm dis_genislik_cm dis_derinlik_cm govde_sac_mm kilit_tipi model_kodu,70-cm-premium-kasa-300-kg 75cm-premium-celik-kasa,compare-at price shown (needs 10-day price evidence or removal); no SKU / model code; dash in title; shares main photo with another product
85-cm-zirhli-kasa,PANZER 85 cm Zırhlı Çelik Kasa – Şifreli ve Anahtarlı Profesyonel Güvenlik Kasası,ACTIVE,3,120000,130000,8,10 / 10 / 10,DENY,,agirlik_kg dis_yukseklik_cm dis_genislik_cm dis_derinlik_cm govde_sac_mm kilit_tipi model_kodu,,compare-at price shown (needs 10-day price evidence or removal); no SKU / model code; dash in title
105-cm-zirhli-kasa,"PANZER 105 cm Zırhlı Çelik Kasa – Şifreli, Anahtarlı ve Parmak İzi Okuyuculu",ACTIVE,2,185000,195000,5,10 / 10,DENY,,agirlik_kg dis_yukseklik_cm dis_genislik_cm dis_derinlik_cm govde_sac_mm kilit_tipi model_kodu,,compare-at price shown (needs 10-day price evidence or removal); no SKU / model code; dash in title
3150-super-model-celik-kasa,3150 Süper Model Çelik Kasa,DRAFT,1,195000,235000,17,10,DENY,,agirlik_kg dis_yukseklik_cm dis_genislik_cm dis_derinlik_cm govde_sac_mm kilit_tipi model_kodu,,compare-at price shown (needs 10-day price evidence or removal); no SKU / model code
3125-super-model-celik-kasa,"PANZER 125 cm Zırhlı Çelik Kasa – Çift Kapaplı, Şifreli ve Anahtarlı Güvenlik Kasası",ACTIVE,1,210000,220000,5,9,DENY,,agirlik_kg dis_yukseklik_cm dis_genislik_cm dis_derinlik_cm govde_sac_mm kilit_tipi model_kodu,,compare-at price shown (needs 10-day price evidence or removal); no SKU / model code; dash in title
2200-super-model-celik-kasa,PANZER 200 cm Zırhlı Çelik Kasa – İş Yeri Tipi Ultra Güvenlik Kasası,ACTIVE,1,295000,325000,9,10,DENY,,agirlik_kg dis_yukseklik_cm dis_genislik_cm dis_derinlik_cm govde_sac_mm kilit_tipi model_kodu,,compare-at price shown (needs 10-day price evidence or removal); no SKU / model code; dash in title
2125-ofis-ve-buro-tipi-celik-kasalar,"PANZER 125 cm Zırhlı Çelik Kasa – Geniş Hacimli, Şifreli ve Anahtarlı Ofis Kasası",ACTIVE,1,200000,225000,11,10,DENY,,agirlik_kg dis_yukseklik_cm dis_genislik_cm dis_derinlik_cm govde_sac_mm kilit_tipi model_kodu,,compare-at price shown (needs 10-day price evidence or removal); no SKU / model code; dash in title
2085-super-model-celik-kasa,PANZER 85 cm Zırhlı Çelik Kasa – Şifreli ve Anahtarlı Üst Seviye Koruma Kasası,ACTIVE,1,115000,125000,8,10,DENY,,agirlik_kg dis_yukseklik_cm dis_genislik_cm dis_derinlik_cm govde_sac_mm kilit_tipi model_kodu,,compare-at price shown (needs 10-day price evidence or removal); no SKU / model code; dash in title
2060-super-model-celik-kasa,"60 cm Şifreli Çelik Kasa – Kompakt, Yüksek Güvenlikli Ev ve Ofis Kasası",ACTIVE,1,70000,80000,12,10,DENY,,agirlik_kg dis_yukseklik_cm dis_genislik_cm dis_derinlik_cm govde_sac_mm kilit_tipi model_kodu,60-cm-sifreli-celik-kasa-kompakt-yuksek-guvenlikli-ev-ve-ofis-kasasi-copy,compare-at price shown (needs 10-day price evidence or removal); no SKU / model code; dash in title; shares main photo with another product
2055-super-model-ev-tipi-celik-kasa,PANZER 55 cm Zırhlı Çelik Kasa – Şifreli ve Anahtarlı Ev Güvenlik Kasası,ACTIVE,1,75000,85000,12,10,DENY,,agirlik_kg dis_yukseklik_cm dis_genislik_cm dis_derinlik_cm govde_sac_mm kilit_tipi model_kodu,,compare-at price shown (needs 10-day price evidence or removal); no SKU / model code; dash in title
50x35x31-cm-otel-kasalari,"Otel Kasası 50x35x31 cm – Şifreli Dijital Kilit, Misafir Odası Güvenlik Kasası",ACTIVE,1,6500,8000,19,-2,CONTINUE,,agirlik_kg dis_yukseklik_cm dis_genislik_cm dis_derinlik_cm govde_sac_mm kilit_tipi model_kodu,,compare-at price shown (needs 10-day price evidence or removal); negative stock; sells when out of stock; no SKU / model code; dash in title
22x43x40-cm-otel-kasalari,Otel Kasası 22x43x40 cm – Anahtarlı Misafir Odası Güvenlik Kasası,ACTIVE,1,5000,6500,23,0,CONTINUE,,agirlik_kg dis_yukseklik_cm dis_genislik_cm dis_derinlik_cm govde_sac_mm kilit_tipi model_kodu,,compare-at price shown (needs 10-day price evidence or removal); sells when out of stock; no SKU / model code; dash in title
25x35x25-cm-otel-kasalari-anahtarla,Otel Kasası 25x35x25 cm – Anahtarlı Kompakt Misafir Odası Kasası,ACTIVE,1,4000,5000,20,0,CONTINUE,,agirlik_kg dis_yukseklik_cm dis_genislik_cm dis_derinlik_cm govde_sac_mm kilit_tipi model_kodu,,compare-at price shown (needs 10-day price evidence or removal); sells when out of stock; no SKU / model code; dash in title
25x35x25-cm-otel-kasalari,"Otel Kasası 25x35x25 cm – Şifreli Dijital Kilit, Misafir Odası Güvenlik Kasası",ACTIVE,1,3000,4500,33,-4,CONTINUE,,agirlik_kg dis_yukseklik_cm dis_genislik_cm dis_derinlik_cm govde_sac_mm kilit_tipi model_kodu,,compare-at price shown (needs 10-day price evidence or removal); negative stock; sells when out of stock; no SKU / model code; dash in title
22x43x40cm-otel-kasalari,"Otel Kasası 22x43x40 cm – Şifreli Dijital Kilit, Otel Odası Güvenlik Kasası",ACTIVE,1,4500,5500,18,-1,CONTINUE,,agirlik_kg dis_yukseklik_cm dis_genislik_cm dis_derinlik_cm govde_sac_mm kilit_tipi model_kodu,,compare-at price shown (needs 10-day price evidence or removal); negative stock; sells when out of stock; no SKU / model code; dash in title
85cm-celik-kasa-sifreli,CK 85 cm Şifreli Çelik Kasa – Yüksek Güvenlikli Ev ve Ofis Kasası,ACTIVE,2,27000,29000,7,10 / 8,DENY,,agirlik_kg dis_yukseklik_cm dis_genislik_cm dis_derinlik_cm govde_sac_mm kilit_tipi model_kodu,85cm-celik-kasa-siyah-sifreli,compare-at price shown (needs 10-day price evidence or removal); no SKU / model code; dash in title; shares main photo with another product
105cm-celik-kasa-siyah-sifreli,105cm Çelik Kasa – Siyah (Şifreli),DRAFT,1,21000,23000,9,10,DENY,,agirlik_kg dis_yukseklik_cm dis_genislik_cm dis_derinlik_cm govde_sac_mm kilit_tipi model_kodu,105cm-celik-kasa-sifreli,compare-at price shown (needs 10-day price evidence or removal); no SKU / model code; dash in title; shares main photo with another product
105cm-celik-kasa-siyah,105cm Çelik Kasa – Siyah,DRAFT,1,19000,21000,10,9,DENY,,agirlik_kg dis_yukseklik_cm dis_genislik_cm dis_derinlik_cm govde_sac_mm kilit_tipi model_kodu,,compare-at price shown (needs 10-day price evidence or removal); no SKU / model code; dash in title
105cm-celik-kasa-sifreli,CK 105 cm Şifreli Çelik Kasa – Büyük Tip Ofis ve Kurumsal Güvenlik Kasası,ACTIVE,2,29000,31000,6,6 / 10,DENY,,agirlik_kg dis_yukseklik_cm dis_genislik_cm dis_derinlik_cm govde_sac_mm kilit_tipi model_kodu,105cm-celik-kasa-siyah-sifreli,compare-at price shown (needs 10-day price evidence or removal); no SKU / model code; dash in title; shares main photo with another product
105cm-celik-kasa,CK 105 cm Anahtarlı Çelik Kasa – Geniş Hacimli Ofis Güvenlik Kasası,ACTIVE,2,26000,28000,7,7 / 10,DENY,,agirlik_kg dis_yukseklik_cm dis_genislik_cm dis_derinlik_cm govde_sac_mm kilit_tipi model_kodu,,compare-at price shown (needs 10-day price evidence or removal); no SKU / model code; dash in title
85cm-celik-kasa-siyah-sifreli,85cm Çelik Kasa – Siyah (Şifreli),DRAFT,1,20000,22000,9,8,DENY,,agirlik_kg dis_yukseklik_cm dis_genislik_cm dis_derinlik_cm govde_sac_mm kilit_tipi model_kodu,85cm-celik-kasa-sifreli,compare-at price shown (needs 10-day price evidence or removal); no SKU / model code; dash in title; shares main photo with another product
85cm-celik-kasa-siyah,85cm Çelik Kasa – Siyah,DRAFT,1,18000,20000,10,9,DENY,,agirlik_kg dis_yukseklik_cm dis_genislik_cm dis_derinlik_cm govde_sac_mm kilit_tipi model_kodu,,compare-at price shown (needs 10-day price evidence or removal); no SKU / model code; dash in title
85cm-celik-kasa,CK 85 cm Anahtarlı Çelik Kasa – Ev ve Ofis Tipi Güvenlik Kasası,ACTIVE,2,24000,26000,8,10 / 7,DENY,,agirlik_kg dis_yukseklik_cm dis_genislik_cm dis_derinlik_cm govde_sac_mm kilit_tipi model_kodu,,compare-at price shown (needs 10-day price evidence or removal); no SKU / model code; dash in title
70cm-celik-kasa-siyah-sifreli,70cm Çelik Kasa – Siyah (Şifreli),DRAFT,1,19000,21000,10,9,DENY,,agirlik_kg dis_yukseklik_cm dis_genislik_cm dis_derinlik_cm govde_sac_mm kilit_tipi model_kodu,70cm-celik-kasa-sifreli,compare-at price shown (needs 10-day price evidence or removal); no SKU / model code; dash in title; shares main photo with another product
70cm-celik-kasa-siyah,70cm Çelik Kasa – Siyah,DRAFT,1,17000,19000,11,9,DENY,,agirlik_kg dis_yukseklik_cm dis_genislik_cm dis_derinlik_cm govde_sac_mm kilit_tipi model_kodu,,compare-at price shown (needs 10-day price evidence or removal); no SKU / model code; dash in title
70cm-celik-kasa-sifreli,CK 70 cm Şifreli Çelik Kasa – Geniş Hacimli Ev ve Ofis Güvenlik Kasası,ACTIVE,2,25000,27000,7,8 / 8,DENY,,agirlik_kg dis_yukseklik_cm dis_genislik_cm dis_derinlik_cm govde_sac_mm kilit_tipi model_kodu,70cm-celik-kasa-siyah-sifreli,compare-at price shown (needs 10-day price evidence or removal); no SKU / model code; dash in title; shares main photo with another product
70cm-celik-kasa,CK 70 cm Anahtarlı Çelik Kasa – Orta Boy Ev ve Ofis Güvenlik Kasası,ACTIVE,2,22000,24000,8,6 / 10,DENY,,agirlik_kg dis_yukseklik_cm dis_genislik_cm dis_derinlik_cm govde_sac_mm kilit_tipi model_kodu,,compare-at price shown (needs 10-day price evidence or removal); no SKU / model code; dash in title
55cm-celik-kasa-siyah-sifreli,55cm Çelik Kasa - Siyah (Şifreli),DRAFT,1,17000,19000,11,10,DENY,,agirlik_kg dis_yukseklik_cm dis_genislik_cm dis_derinlik_cm govde_sac_mm kilit_tipi model_kodu,55cm-celik-kasa-sifreli,compare-at price shown (needs 10-day price evidence or removal); no SKU / model code; shares main photo with another product
55cm-celik-kasa-sifreli,CK 55 cm Şifreli Çelik Kasa – Dayanıklı Para ve Belge Güvenlik Kasası,ACTIVE,2,23000,25000,8,9 / 9,DENY,,agirlik_kg dis_yukseklik_cm dis_genislik_cm dis_derinlik_cm govde_sac_mm kilit_tipi model_kodu,55cm-celik-kasa-siyah-sifreli,compare-at price shown (needs 10-day price evidence or removal); no SKU / model code; dash in title; shares main photo with another product
55cm-celik-kasa-siyah,55cm Çelik Kasa - Siyah,DRAFT,1,15000,17000,12,10,DENY,,agirlik_kg dis_yukseklik_cm dis_genislik_cm dis_derinlik_cm govde_sac_mm kilit_tipi model_kodu,,compare-at price shown (needs 10-day price evidence or removal); no SKU / model code
55cm-celik-kasa,CK 55 cm Anahtarlı Çelik Kasa – Kompakt Dayanıklı Ev Güvenlik Kasası,ACTIVE,2,20000,22000,9,2 / 8,DENY,,agirlik_kg dis_yukseklik_cm dis_genislik_cm dis_derinlik_cm govde_sac_mm kilit_tipi model_kodu,,compare-at price shown (needs 10-day price evidence or removal); no SKU / model code; dash in title
2055-super-model-celik-kasa,2055 Süper Model Çelik Kasa,DRAFT,1,65000,75000,13,10,DENY,,agirlik_kg dis_yukseklik_cm dis_genislik_cm dis_derinlik_cm govde_sac_mm kilit_tipi model_kodu,,compare-at price shown (needs 10-day price evidence or removal); no SKU / model code
zirhli-ozel-yapim-kuyumcu-kasasi,"Zırhlı Özel Yapım Kuyumcu Kasası 1150 KG – Yangın, Patlama ve Neme Dayanıklı",ACTIVE,1,170000,,,1111,DENY,,agirlik_kg dis_yukseklik_cm dis_genislik_cm dis_derinlik_cm govde_sac_mm kilit_tipi model_kodu,,placeholder stock quantity; no SKU / model code; dash in title
200-cm-mucevher-guvenli,200 cm Yüksek Güvenlikli Banko Mücevher Kasası – Kuyumcu Tezgah Altı Kasası,ACTIVE,1,225000,,,11111,DENY,,agirlik_kg dis_yukseklik_cm dis_genislik_cm dis_derinlik_cm govde_sac_mm kilit_tipi model_kodu,,placeholder stock quantity; no SKU / model code; dash in title
180-cm-kuyumcu-kasasi,180 cm 3 Kapaplı Banko Kuyumcu Kasası – Üç Bölmeli Yüksek Güvenlik Kasası,ACTIVE,1,200000,,,1000,DENY,,agirlik_kg dis_yukseklik_cm dis_genislik_cm dis_derinlik_cm govde_sac_mm kilit_tipi model_kodu,,placeholder stock quantity; no SKU / model code; dash in title
150-cm-kuyumcu-kasasi,150 Cm 2 Kapak Banko Kuyumcu Kasası,ACTIVE,1,175000,,,1000,DENY,,agirlik_kg dis_yukseklik_cm dis_genislik_cm dis_derinlik_cm govde_sac_mm kilit_tipi model_kodu,,placeholder stock quantity; no SKU / model code
809-evrak-kasas,"809 Evrak Kasası: Güçlü, Güvenilir ve Şık Saklama",DRAFT,1,0,,,0,CONTINUE,,agirlik_kg dis_yukseklik_cm dis_genislik_cm dis_derinlik_cm govde_sac_mm kilit_tipi model_kodu,,sells when out of stock; no SKU / model code; price below 100 TL
801-evrak-kasas,801 Evrak Kasası – Belgelerinize Güvenli ve Düzenli Koruma,DRAFT,1,0,,,0,CONTINUE,,agirlik_kg dis_yukseklik_cm dis_genislik_cm dis_derinlik_cm govde_sac_mm kilit_tipi model_kodu,,sells when out of stock; no SKU / model code; price below 100 TL; dash in title
105cm-celik-kasa-350kg,105 CM 350 KG Şifreli Çelik Kasa – Büyük Tip Profesyonel Kasa,ACTIVE,2,175000,185000,5,9 / 0,DENY,,agirlik_kg dis_yukseklik_cm dis_genislik_cm dis_derinlik_cm govde_sac_mm kilit_tipi model_kodu,,compare-at price shown (needs 10-day price evidence or removal); no SKU / model code; dash in title
65cm-zirhli-celik-kasa,PANZER 65 cm Zırhlı Çelik Kasa – Şifreli ve Anahtarlı Yüksek Güvenlik,ACTIVE,3,85000,95000,11,9 / 10 / 10,DENY,,agirlik_kg dis_yukseklik_cm dis_genislik_cm dis_derinlik_cm govde_sac_mm kilit_tipi model_kodu,,compare-at price shown (needs 10-day price evidence or removal); no SKU / model code; dash in title
65cm-celik-kasa-180kg,65 CM 180 KG Şifreli Para Kasası – Orta Boy Profesyonel Kasa,ACTIVE,1,70000,70000,,2,DENY,,agirlik_kg dis_yukseklik_cm dis_genislik_cm dis_derinlik_cm govde_sac_mm kilit_tipi model_kodu,,no SKU / model code; dash in title
70cm-celik-kasa-200kg,Premium 70 cm Şifreli Çelik Kasa – Dayanıklı Ofis Tipi Kasa,ACTIVE,4,65000,75000,13,10 / 10 / 10 / 10,DENY,,agirlik_kg dis_yukseklik_cm dis_genislik_cm dis_derinlik_cm govde_sac_mm kilit_tipi model_kodu,,compare-at price shown (needs 10-day price evidence or removal); no SKU / model code; dash in title
75cm-zirhli-celik-kasa,PANZER 75 cm Zırhlı Çelik Kasa – Şifreli ve Anahtarlı Model,ACTIVE,3,100000,110000,9,100 / 99 / 100,CONTINUE,,agirlik_kg dis_yukseklik_cm dis_genislik_cm dis_derinlik_cm govde_sac_mm kilit_tipi model_kodu,,compare-at price shown (needs 10-day price evidence or removal); placeholder stock quantity; sells when out of stock; no SKU / model code; dash in title
85cm-celik-kasa-250kg,85 cm 250 KG Ofis Tipi Çelik Kasa – Yüksek Güvenlikli Ofis Kasası,ACTIVE,3,85000,95000,11,10 / 10 / 10,DENY,,agirlik_kg dis_yukseklik_cm dis_genislik_cm dis_derinlik_cm govde_sac_mm kilit_tipi model_kodu,,compare-at price shown (needs 10-day price evidence or removal); no SKU / model code; dash in title
55-cm-premium-kasa-250-kg,Premium 55 cm Anahtarlı Çelik Kasa – Kompakt Ev Tipi Kasa,DRAFT,1,60000,70000,14,10,DENY,,agirlik_kg dis_yukseklik_cm dis_genislik_cm dis_derinlik_cm govde_sac_mm kilit_tipi model_kodu,,compare-at price shown (needs 10-day price evidence or removal); no SKU / model code; dash in title
70-cm-premium-kasa-300-kg,Premium 70 cm Anahtarlı Çelik Kasa – Orta Boy Ofis Kasası,ACTIVE,1,65000,75000,13,10,DENY,,agirlik_kg dis_yukseklik_cm dis_genislik_cm dis_derinlik_cm govde_sac_mm kilit_tipi model_kodu,70-cm-zirhli-kasa-300-kg 75cm-premium-celik-kasa,compare-at price shown (needs 10-day price evidence or removal); no SKU / model code; dash in title; shares main photo with another product
85-cm-premium-kasa,Premium 85 cm Şifreli Çelik Kasa – Yüksek Güvenlikli Ofis Kasası,ACTIVE,3,85000,95000,11,10 / 10 / 10,DENY,,agirlik_kg dis_yukseklik_cm dis_genislik_cm dis_derinlik_cm govde_sac_mm kilit_tipi model_kodu,,compare-at price shown (needs 10-day price evidence or removal); no SKU / model code; dash in title
105-cm-premium-kasa,Premium 105 cm Şifreli Çelik Kasa – Büyük Tip Profesyonel Kasa,ACTIVE,2,120000,135000,11,10 / 10,DENY,,agirlik_kg dis_yukseklik_cm dis_genislik_cm dis_derinlik_cm govde_sac_mm kilit_tipi model_kodu,,compare-at price shown (needs 10-day price evidence or removal); no SKU / model code; dash in title
2060-premium-model-celik-kasa,Premium 60 cm Şifreli Çelik Kasa – Kompakt Yüksek Güvenlik Kasası,ACTIVE,1,60000,70000,14,6,DENY,,agirlik_kg dis_yukseklik_cm dis_genislik_cm dis_derinlik_cm govde_sac_mm kilit_tipi model_kodu,,compare-at price shown (needs 10-day price evidence or removal); no SKU / model code; dash in title
2055-premium-model-ev-tipi-celik-kasa,Premium 55 cm Şifreli Çelik Kasa – Ev & Ofis Tipi Para Kasası,ACTIVE,1,60000,70000,14,10,DENY,,agirlik_kg dis_yukseklik_cm dis_genislik_cm dis_derinlik_cm govde_sac_mm kilit_tipi model_kodu,,compare-at price shown (needs 10-day price evidence or removal); no SKU / model code; dash in title
65cm-premium-celik-kasa,Premium 65 cm Şifreli Çelik Kasa – Orta Boy Profesyonel Kasa,ACTIVE,3,60000,95000,37,999 / 999 / 999,DENY,,agirlik_kg dis_yukseklik_cm dis_genislik_cm dis_derinlik_cm govde_sac_mm kilit_tipi model_kodu,,compare-at price shown (needs 10-day price evidence or removal); placeholder stock quantity; no SKU / model code; dash in title
75cm-premium-celik-kasa,Premium 75 cm Şifreli Çelik Kasa – Geniş Hacimli Güvenlik Kasası,ACTIVE,3,70000,110000,36,998 / 999 / 999,DENY,,agirlik_kg dis_yukseklik_cm dis_genislik_cm dis_derinlik_cm govde_sac_mm kilit_tipi model_kodu,70-cm-zirhli-kasa-300-kg 70-cm-premium-kasa-300-kg,compare-at price shown (needs 10-day price evidence or removal); placeholder stock quantity; no SKU / model code; dash in title; shares main photo with another product
ultra-guvenlikli-4kapakli-celik-kasa,4 Kapaklı Şifreli Çelik Kasa – Bağımsız Bölmeli,ACTIVE,4,250000,,,1000 / 1000 / 1000 / 1000,DENY,,agirlik_kg dis_yukseklik_cm dis_genislik_cm dis_derinlik_cm govde_sac_mm kilit_tipi model_kodu,,placeholder stock quantity; no SKU / model code; dash in title
kuyumcu-tipi-profesyonel-asansorlu-vitrin-kasa,Asansörlü Kuyumcu Vitrin Kasa – Zırhlı & Gizli Bölme,ACTIVE,1,350000,,,1000,DENY,,agirlik_kg dis_yukseklik_cm dis_genislik_cm dis_derinlik_cm govde_sac_mm kilit_tipi model_kodu,,placeholder stock quantity; no SKU / model code; dash in title
genis-asansorlu-kuyumcu-kasasi,Asansörlü Kuyumcu Kasası – Zırhlı Vitrin Kasası,ACTIVE,1,450000,,,1000,DENY,,agirlik_kg dis_yukseklik_cm dis_genislik_cm dis_derinlik_cm govde_sac_mm kilit_tipi model_kodu,,placeholder stock quantity; no SKU / model code; dash in title
ultra-guvenlikli-2-kapakli-celik-kasa,Banko Kuyumcu Kasası – Dijital Şifreli Anahtarlı,ACTIVE,2,175000,,,1000 / 1000,DENY,,agirlik_kg dis_yukseklik_cm dis_genislik_cm dis_derinlik_cm govde_sac_mm kilit_tipi model_kodu,,placeholder stock quantity; no SKU / model code; dash in title
ultra-guvenlikli-5kapakli-celik-kasa,5 Kapaklı Şifreli Çelik Kasa – Dijital & Bağımsız Bölmeli,ACTIVE,1,300000,,,1000,DENY,,agirlik_kg dis_yukseklik_cm dis_genislik_cm dis_derinlik_cm govde_sac_mm kilit_tipi model_kodu,,placeholder stock quantity; no SKU / model code; dash in title
ultra-guvenlikli-3-kapakli-celik-kasa,3 Kapaklı Şifreli Çelik Kasa – Anahtarlı Güvenlik Kasası,ACTIVE,1,250000,,,996,DENY,,agirlik_kg dis_yukseklik_cm dis_genislik_cm dis_derinlik_cm govde_sac_mm kilit_tipi model_kodu,,placeholder stock quantity; no SKU / model code; dash in title
60-cm-sifreli-celik-kasa-kompakt-yuksek-guvenlikli-ev-ve-ofis-kasasi-copy,"60 cm Şifreli Çelik Kasa – Kompakt, Yüksek Güvenlikli Ev ve Ofis Kasası (Copy)",UNLISTED,1,5,80000,100,9,DENY,,agirlik_kg dis_yukseklik_cm dis_genislik_cm dis_derinlik_cm govde_sac_mm kilit_tipi model_kodu,2060-super-model-celik-kasa,compare-at price shown (needs 10-day price evidence or removal); no SKU / model code; price below 100 TL; dash in title; shares main photo with another product
