handle,old_seo_title,new_seo_title,old_seo_description,new_seo_description
70-cm-zirhli-kasa-300-kg,70 cm Ev Kasası 300 KG – Şifreli | Çelik Kasacı,"PANZER 70 cm Zırhlı Çelik Kasa, 300 kg, Anahtarlı | Çelik Kasacı","70 CM Zırhlı Kasa 300 KG, değerli eşyalarınızı yangın, hırsızlık ve kurcalamaya karşı koruyan güçlü, güvenli bir kasa.","PANZER 70 cm Zırhlı Çelik Kasa, 300 kg, Anahtarlı. Dış ölçü 70x50x50 cm. İstanbul içinde teslimat, taşıma ve kurulum fiyata dahil."
85-cm-zirhli-kasa,85cm Zırhlı Çelik Kasa Parmak Şifreli | Çelik Kasacı,"PANZER 85 cm Zırhlı Çelik Kasa, Şifreli ve Anahtarlı | Çelik Kasacı","85 cm zırhlı çelik kasa; şifre, parmak izi ve anahtarlı üçlü güvenlik sistemiyle değerli eşyalarınızı maksimum koruma altına alır. Siyah, beyaz, gri renk.","PANZER 85 cm Zırhlı Çelik Kasa, Şifreli ve Anahtarlı. Dış ölçü 85x60x56 cm. İstanbul içinde teslimat, taşıma ve kurulum fiyata dahil."
105-cm-zirhli-kasa,105 cm Zırhlı Çelik Kasa – Parmak İzi | Çelik Kasacı,"PANZER 105 cm Zırhlı Çelik Kasa, Şifreli, Anahtarlı ve Parmak İzli","105 cm zırhlı çelik kasa: parmak izi, dijital şifre, anahtar güvenliği. Siyah ve gri renk seçenekleriyle maksimum koruma sağlar.","PANZER 105 cm Zırhlı Çelik Kasa, Şifreli, Anahtarlı ve Parmak İzli. Dış ölçü 105x60x57 cm. İstanbul içinde teslimat, taşıma ve kurulum fiyata dahil."
3125-super-model-celik-kasa,3125 Süper Model Zırhlı Kasa | Çelik Kasacı,"PANZER 125 cm Zırhlı Çelik Kasa, Çift Kapaklı, Şifreli ve Anahtarlı Güvenlik Kasası","3125 Süper Model zırhlı çelik kasa: elektronik şifre, gizli bölme, yangın ve su dayanımı. Ev ve ofis için üst düzey güvenlik.","PANZER 125 cm Zırhlı Çelik Kasa, Çift Kapaklı, Şifreli ve Anahtarlı Güvenlik Kasası. Dış ölçü 125x60x55 cm. İstanbul içinde teslimat, taşıma ve kurulum fiyata dahil."
2200-super-model-celik-kasa,2200 Süper Model Zırhlı Kasa | Çelik Kasacı,"PANZER 200 cm Zırhlı Çelik Kasa, İş Yeri Tipi | Çelik Kasacı","Gelişmiş güvenlik, yangına ve suya dayanıklılık ve şık, dayanıklı tasarıma sahip 2200 Süper Model Çelik Kasa ile değerli eşyalarınızı koruyun.","PANZER 200 cm Zırhlı Çelik Kasa, İş Yeri Tipi. Dış ölçü 200x120x90 cm. İstanbul içinde teslimat, taşıma ve kurulum fiyata dahil."
2125-ofis-ve-buro-tipi-celik-kasalar,2125 Ofis Tipi Zırhlı Çelik Kasa | Çelik Kasacı,"PANZER 125 cm Zırhlı Çelik Kasa, Geniş Hacimli Ofis Kasası, Şifreli ve Anahtarlı","Değerli eşyalarınızı dayanıklı çelik, kompakt tasarım ve gelişmiş kilitleme mekanizmalarına sahip 2125 Ofis ve Masaüstü Çelik Kasa ile koruyun.","PANZER 125 cm Zırhlı Çelik Kasa, Geniş Hacimli Ofis Kasası, Şifreli ve Anahtarlı. İstanbul içinde teslimat, taşıma ve kurulum fiyata dahil."
2085-super-model-celik-kasa,2085 Süper Model Zırhlı Ev Kasa | Çelik Kasacı,"PANZER 85 cm Zırhlı Çelik Kasa, Üst Seviye Koruma, Şifreli ve Anahtarlı","2085 Süper Model Çelik Kasa, sağlam paslanmaz çelik yapı, çift kilit sistemi ve şık tasarımıyla eşyalarınıza üstün koruma sağlar.","PANZER 85 cm Zırhlı Çelik Kasa, Üst Seviye Koruma, Şifreli ve Anahtarlı. Dış ölçü 85x55x50 cm. İstanbul içinde teslimat, taşıma ve kurulum fiyata dahil."
2060-super-model-celik-kasa,2060 Süper Model Ev Tipi Çelik Kasa | Çelik Kasacı,"60 cm Çelik Kasa, Şifreli, Kompakt Ev ve Ofis Kasası | Çelik Kasacı","2060 Süper Model çelik kasa: kombinasyon kilit, paslanmaz çelik gövde, ayarlanabilir iç bölme. Ev tipi çelik kasa için ideal seçim.","60 cm Çelik Kasa, Şifreli, Kompakt Ev ve Ofis Kasası. İstanbul içinde teslimat, taşıma ve kurulum fiyata dahil."
2055-super-model-ev-tipi-celik-kasa,2055 Süper Model Ev Tipi Zırhlı Kasa | Çelik Kasacı,"PANZER 55 cm Zırhlı Çelik Kasa, Ev Tipi, Şifreli ve Anahtarlı","Değerli eşyalarınızı, dayanıklılığı, şık tasarımı ve gelişmiş güvenlik özellikleriyle gönül rahatlığıyla 2055 Süper Model Ev Çelik Kasası ile koruyun.","PANZER 55 cm Zırhlı Çelik Kasa, Ev Tipi, Şifreli ve Anahtarlı. İstanbul içinde teslimat, taşıma ve kurulum fiyata dahil."
50x35x31-cm-otel-kasalari,Büyük Otel Kasası 50x35x31 cm | Dijital Şifreli Kasa,"Otel Kasası 50x35x31 cm, Şifreli Dijital Kilit | Çelik Kasacı","Dayanıklı çelik, dijital tuş takımı ve güvenilir koruma için kullanımı kolay tasarıma sahip 50x35x31 cm Otel Kasalarımızla misafirlerinizin güvenliğini artırın.","Otel Kasası 50x35x31 cm, Şifreli Dijital Kilit. Dış ölçü 31x50x35 cm. İstanbul içinde teslimat, taşıma ve kurulum fiyata dahil."
22x43x40-cm-otel-kasalari,Çelik Kasaci - 22x43x40 cm Otel Kasaları anahtarla,"Otel Kasası 22x43x40 cm, Anahtarlı | Çelik Kasacı","Misafirlerinizin eşyalarını güvenle saklamak için dayanıklı ve kullanımı kolay Otel Kasalarımızı keşfedin. Şifreli, LED ekranlı ve pille çalışır.","Otel Kasası 22x43x40 cm, Anahtarlı. Dış ölçü 40x22x43 cm. İstanbul içinde teslimat, taşıma ve kurulum fiyata dahil."
25x35x25-cm-otel-kasalari-anahtarla, Anahtarlı Otel Kasası 25x35x25 cm | Misafir Odası Kasası,"Otel Kasası 25x35x25 cm, Anahtarlı | Çelik Kasacı","Değerli eşyalarınızı, dayanıklı çelik ve anahtarlı kilit sistemiyle güvenilir koruma sağlayan 25x35x25 cm Otel Kasalarımızla güvence altına alın.","Otel Kasası 25x35x25 cm, Anahtarlı. Dış ölçü 25x25x35 cm. İstanbul içinde teslimat, taşıma ve kurulum fiyata dahil."
25x35x25-cm-otel-kasalari,Küçük Otel Kasası 25x35x25 cm | Şifreli Dijital Kasa,"Otel Kasası 25x35x25 cm, Şifreli Dijital Kilit | Çelik Kasacı","Değerli eşyalarınızı, dayanıklı çelik, gelişmiş kilit ve optimum koruma ve kolaylık için şık tasarıma sahip 25x35x25 cm Otel Kasalarımızla güvence altına alın.","Otel Kasası 25x35x25 cm, Şifreli Dijital Kilit. Dış ölçü 25x25x35 cm. İstanbul içinde teslimat, taşıma ve kurulum fiyata dahil."
22x43x40cm-otel-kasalari,Otel Kasası 22x43x40 cm | Misafir Odası Güvenlik Kasası,"Otel Kasası 22x43x40 cm, Şifreli Dijital Kilit | Çelik Kasacı","Gelişmiş kilitleme, dayanıklı çelik ve üst düzey koruma için şık tasarıma sahip 22x43x40 cm Otel Kasalarımızla misafirlerinizin güvenliğini artırın.","Otel Kasası 22x43x40 cm, Şifreli Dijital Kilit. İstanbul içinde teslimat, taşıma ve kurulum fiyata dahil; 15:00'e kadar verilen siparişlerde aynı gün teslim."
85cm-celik-kasa-sifreli,85cm Şifreli Çelik Kasa – Dijital Güvenlik | Çelik Kasacı,"CK 85 cm Çelik Kasa, Şifreli, Ev ve Ofis Tipi | Çelik Kasacı",85cm şifreli çelik kasa ile ev ve iş yerinizde değerli eşyalarınızı güvenle saklayın. Siyah ve Metalik Gri seçenekleri mevcuttur.,"CK 85 cm Çelik Kasa, Şifreli, Ev ve Ofis Tipi. Dış ölçü 85x45x38 cm, 120 kg. İstanbul içinde teslimat, taşıma ve kurulum fiyata dahil."
105cm-celik-kasa-sifreli,105cm Şifreli Çelik Kasa – Güvenlik Kasası | Çelik Kasacı,"CK 105 cm Çelik Kasa, Şifreli, Büyük Tip Ofis Kasası | Çelik Kasacı",105cm çelik kasa ile eşyalarınızı güvenle saklayın. Şifreli kilit ve Siyah / Metalik Gri seçenekleriyle ev ve iş yeriniz için ideal güvenlik.,"CK 105 cm Çelik Kasa, Şifreli, Büyük Tip Ofis Kasası. Dış ölçü 105x47x38 cm, 140 kg. İstanbul içinde teslimat, taşıma ve kurulum fiyata dahil."
105cm-celik-kasa,105cm Çelik Kasa – Siyah & Metalik Gri | Çelik Kasacı,"CK 105 cm Çelik Kasa, Anahtarlı, Geniş Hacimli Ofis Kasası",105cm çelik kasa ile değerli eşyalarınızı güvenle saklayın. Siyah ve Metalik Gri seçenekleriyle ev ve iş yeriniz için ideal güvenlik.,"CK 105 cm Çelik Kasa, Anahtarlı, Geniş Hacimli Ofis Kasası. Dış ölçü 105x47x38 cm, 180 kg. İstanbul içinde teslimat, taşıma ve kurulum fiyata dahil."
85cm-celik-kasa,85cm Çelik Kasa – Anahtarlı & Kilitli | Çelik Kasacı,"CK 85 cm Çelik Kasa, Anahtarlı, Ev ve Ofis Tipi | Çelik Kasacı","85cm çelik kasa: mekanik kilit, cıvatalanabilir gövde, siyah ve gri renk. Ev kasası için geniş hacim ve dayanıklı çelik yapı. Sipariş ver.","CK 85 cm Çelik Kasa, Anahtarlı, Ev ve Ofis Tipi. Dış ölçü 85x45x38 cm, 120 kg. İstanbul içinde teslimat, taşıma ve kurulum fiyata dahil."
70cm-celik-kasa-sifreli,70cm Şifreli Çelik Kasa – Güvenlik Kasası | Çelik Kasacı,"CK 70 cm Çelik Kasa, Şifreli, Ev ve Ofis Tipi | Çelik Kasacı","70cm şifreli çelik kasa ile değerli eşyalarınızı güvenle saklayın. Siyah ve Metalik Gri seçenekli, dayanıklı, şifreli ve cıvatalanabilir güvenlik kasası.","CK 70 cm Çelik Kasa, Şifreli, Ev ve Ofis Tipi. Dış ölçü 70x50x38 cm, 110 kg. İstanbul içinde teslimat, taşıma ve kurulum fiyata dahil."
70cm-celik-kasa,70cm Çelik Kasa – Güvenlik Kasası | Çelik Kasacı,"CK 70 cm Çelik Kasa, Anahtarlı, Ev ve Ofis Tipi | Çelik Kasacı","70cm şifreli çelik kasa. Siyah ve metalik gri seçenekleri, geniş iç hacim, elektronik kilit ve monte edilebilir güvenlik. Ev ve ofis için ideal.","CK 70 cm Çelik Kasa, Anahtarlı, Ev ve Ofis Tipi. Dış ölçü 70x50x38 cm, 110 kg. İstanbul içinde teslimat, taşıma ve kurulum fiyata dahil."
55cm-celik-kasa-sifreli,55cm Şifreli Çelik Kasa – Güvenlik Kasası | Çelik Kasacı,"CK 55 cm Çelik Kasa, Şifreli, Para ve Belge Kasası | Çelik Kasacı","55cm şifreli çelik kasa. Siyah ve metalik gri seçenekleri, gelişmiş şifreleme, elektronik tuş takımı ve cıvatalanabilir güvenlik. Ev ve iş için ideal.","CK 55 cm Çelik Kasa, Şifreli, Para ve Belge Kasası. Dış ölçü 55x45x38 cm, 90 kg. İstanbul içinde teslimat, taşıma ve kurulum fiyata dahil."
55cm-celik-kasa,55cm Çelik Kasa – Anahtarlı Güvenlik Kasası | Çelik Kasacı,"CK 55 cm Çelik Kasa, Anahtarlı, Kompakt Ev Kasası | Çelik Kasacı","Dayanıklı, cıvatalanabilir 55cm çelik kasa. Siyah ve Metalik Gri renk seçenekleriyle ev ve işyeriniz için güvenli depolama. Elektronik ve anahtar kilit.","CK 55 cm Çelik Kasa, Anahtarlı, Kompakt Ev Kasası. Dış ölçü 55x45x38 cm, 90 kg. İstanbul içinde teslimat, taşıma ve kurulum fiyata dahil."
zirhli-ozel-yapim-kuyumcu-kasasi,Zırhlı Özel Yapım Kuyumcu Kasası | Çelik Kasacı,"Zırhlı Özel Yapım Kuyumcu Kasası, 1150 kg | Çelik Kasacı","Zırhlı özel yapım kuyumcu kasası: 1150 kg, yangın, patlama ve neme dayanıklı. Mücevher ve altın için maksimum güvenlik kasası.","Zırhlı Özel Yapım Kuyumcu Kasası, 1150 kg. Ağırlık 1150 kg. İstanbul içinde teslimat, taşıma ve kurulum fiyata dahil."
200-cm-mucevher-guvenli,200 cm Mücevher Kasası – Yüksek Güvenlikli | Çelik Kasacı,"200 cm Banko Mücevher Kasası, Kuyumcu Tezgah Altı | Çelik Kasacı","200 cm boyunda, yangına, patlamaya ve hırsızlığa karşı dayanıklı yüksek güvenlikli mücevher kasası. Kuyumcular ve bankalar için idealdir.","200 cm Banko Mücevher Kasası, Kuyumcu Tezgah Altı. İstanbul içinde teslimat, taşıma ve kurulum fiyata dahil; 15:00'e kadar verilen siparişlerde aynı gün teslim."
180-cm-kuyumcu-kasasi,180 cm Kuyumcu Kasası – 3 Kapaklı Banko | Çelik Kasacı,"180 cm Banko Kuyumcu Kasası, 3 Kapaklı","üçlü kapılı banka mücevher kasası. Yangına dayanıklı, matkaplara dayanıklı ve ultra güvenli. Yüksek değerli depolama ve banka kullanımı için idealdir.","180 cm Banko Kuyumcu Kasası, 3 Kapaklı. İstanbul içinde teslimat, taşıma ve kurulum fiyata dahil."
150-cm-kuyumcu-kasasi,150 cm Kuyumcu Kasası – 2 Kapaklı Banko | Çelik Kasacı,150 cm Banko Kuyumcu Kasası, 2 Kapaklı | Çelik Kasacı,"2 kilitli kapağa sahip 150 cm mücevher kasası. Yangına dayanıklı, delinmeye karşı dayanıklı ve kompakt—tezgah altı güvenli depolama için mükemmel.","150 cm Banko Kuyumcu Kasası, 2 Kapaklı. İstanbul içinde teslimat, taşıma ve kurulum fiyata dahil; 15:00'e kadar verilen siparişlerde aynı gün teslim."
105cm-celik-kasa-350kg,105 CM 350 KG Çelik Kasa – Siyah & Gri,"105 cm Çelik Kasa, 350 kg, Şifreli | Çelik Kasacı","105 CM 350 KG çelik kasa. Siyah ve gri renklerde, şifreli veya anahtarlı yüksek güvenlikli kasa. Geniş iç hacim ve güçlendirilmiş çelik gövde.","105 cm Çelik Kasa, 350 kg, Şifreli. Dış ölçü 105x60x57 cm, 350 kg. İstanbul içinde teslimat, taşıma ve kurulum fiyata dahil."
65cm-zirhli-celik-kasa,65cm Zırhlı Çelik Kasa – Parmak İzi | Çelik Kasacı,"PANZER 65 cm Zırhlı Çelik Kasa, Şifreli ve Anahtarlı | Çelik Kasacı","65 cm zırhlı çelik kasa; şifreli, parmak izli ve anahtarlı güvenlik sistemiyle ev ve ofis için maksimum koruma sağlar. 3 renk seçeneği mevcuttur.","PANZER 65 cm Zırhlı Çelik Kasa, Şifreli ve Anahtarlı. Dış ölçü 65x50x51 cm. İstanbul içinde teslimat, taşıma ve kurulum fiyata dahil."
65cm-celik-kasa-180kg,65 cm Şifreli Çelik Kasa 180 KG | Çelik Kasacı,"65 cm Para Kasası, 180 kg, Şifreli | Çelik Kasacı","65 CM 180 KG çelik kasa. Şifreli veya anahtarlı, siyah gövde kırmızı kapı. Ev ve iş yerleri için yüksek güvenlikli dayanıklı kasa modeli.","65 cm Para Kasası, 180 kg, Şifreli. Dış ölçü 65x51x51 cm, 180 kg. İstanbul içinde teslimat, taşıma ve kurulum fiyata dahil."
70cm-celik-kasa-200kg,70 CM 200 KG Çelik Kasa – 4 Renk Seçeneği,"Premium 70 cm Çelik Kasa, Şifreli, Ofis Tipi | Çelik Kasacı","70 CM 200 KG çelik kasa. Siyah, beyaz, pembe ve gri renk seçenekleri. Şifreli veya anahtarlı yüksek güvenlikli çelik kasa modeli.","Premium 70 cm Çelik Kasa, Şifreli, Ofis Tipi. Dış ölçü 70x51x50 cm, 200 kg. İstanbul içinde teslimat, taşıma ve kurulum fiyata dahil."
75cm-zirhli-celik-kasa,75 cm Zırhlı Çelik Kasa – Parmak İzi & Şifre | Çelik Kasacı,"PANZER 75 cm Zırhlı Çelik Kasa, Şifreli ve Anahtarlı | Çelik Kasacı","75 cm zırhlı kasa: parmak izi, dijital şifre ve anahtar kilidi. Siyah, beyaz, gri renk seçenekleriyle maksimum güvenlik sunar.","PANZER 75 cm Zırhlı Çelik Kasa, Şifreli ve Anahtarlı. Dış ölçü 75x55x58 cm. İstanbul içinde teslimat, taşıma ve kurulum fiyata dahil."
85cm-celik-kasa-250kg,85 CM 250 KG Çelik Kasa – Siyah Beyaz Gri,"85 cm Ofis Tipi Çelik Kasa, 250 kg | Çelik Kasacı","85 CM 250 KG çelik kasa. Siyah, beyaz ve gri renk seçenekleri. Şifreli veya anahtarlı yüksek güvenlikli geniş hacimli çelik kasa modeli.","85 cm Ofis Tipi Çelik Kasa, 250 kg. Dış ölçü 85x60x56 cm, 250 kg. İstanbul içinde teslimat, taşıma ve kurulum fiyata dahil."
70-cm-premium-kasa-300-kg,70cm Ev Kasası 300 KG – Şifreli | Çelik Kasacı,"Premium 70 cm Çelik Kasa, Anahtarlı, Ofis Tipi | Çelik Kasacı","70cm çelik kasa 300 KG: dijital şifre ve anahtarlı kilit. Ev kasası için geniş iç hacim, sağlam çelik gövde. Hemen sipariş verin.","Premium 70 cm Çelik Kasa, Anahtarlı, Ofis Tipi. Ağırlık 300 kg. İstanbul içinde teslimat, taşıma ve kurulum fiyata dahil."
85-cm-premium-kasa,85 cm Çelik Kasa – Parmak İzi & Şifreli | Çelik Kasacı,"Premium 85 cm Çelik Kasa, Şifreli, Ofis Tipi | Çelik Kasacı","85 cm premium çelik kasa; parmak izi, dijital şifre ve anahtar sistemiyle ev ve iş yerleri için üst düzey güvenlik ve geniş iç hacim sunar.","Premium 85 cm Çelik Kasa, Şifreli, Ofis Tipi. Dış ölçü 85x60x56 cm. İstanbul içinde teslimat, taşıma ve kurulum fiyata dahil."
105-cm-premium-kasa,105 cm Çelik Kasa – Parmak İzi & Şifreli | Çelik Kasacı,"Premium 105 cm Çelik Kasa, Şifreli, Büyük Tip | Çelik Kasacı","105 cm premium çelik kasa. Parmak izi, dijital şifre ve anahtar erişimi. Siyah ve gri renk seçenekleriyle ev ve ofis için üst düzey güvenlik.","Premium 105 cm Çelik Kasa, Şifreli, Büyük Tip. Dış ölçü 105x60x57 cm, 350 kg. İstanbul içinde teslimat, taşıma ve kurulum fiyata dahil."
2060-premium-model-celik-kasa,2060 Ev Tipi Çelik Kasa – Şifreli & Anahtarlı | Çelik Kasacı,"Premium 60 cm Çelik Kasa, Şifreli, Kompakt | Çelik Kasacı","2060 premium ev tipi çelik kasa; dijital şifre ve anahtarlı kilit sistemiyle ev ve ofis için şık, güvenli ve düzenli saklama sağlar.","Premium 60 cm Çelik Kasa, Şifreli, Kompakt. İstanbul içinde teslimat, taşıma ve kurulum fiyata dahil; 15:00'e kadar verilen siparişlerde aynı gün teslim."
2055-premium-model-ev-tipi-celik-kasa,2055 Ev Tipi Çelik Kasa – Şifreli & Anahtarlı | Çelik Kasacı,"Premium 55 cm Çelik Kasa, Şifreli, Ev ve Ofis Tipi | Çelik Kasacı","2055 premium ev tipi çelik kasa: dijital şifre ve anahtarlı kilit. Belge, mücevher ve nakit için şık güvenli depolama çözümü.","Premium 55 cm Çelik Kasa, Şifreli, Ev ve Ofis Tipi. İstanbul içinde teslimat, taşıma ve kurulum fiyata dahil."
65cm-premium-celik-kasa,65 cm Şifreli Çelik Kasa – Parmak İzi | Çelik Kasacı,"Premium 65 cm Çelik Kasa, Şifreli | Çelik Kasacı","65 cm akıllı çelik kasa. Parmak izi, dijital şifre ve anahtar erişimi. Siyah, beyaz ve gri renk seçenekleriyle ev ve ofis için modern güvenlik.","Premium 65 cm Çelik Kasa, Şifreli. Dış ölçü 65x50x51 cm. İstanbul içinde teslimat, taşıma ve kurulum fiyata dahil."
75cm-premium-celik-kasa,Çelik Kasacı | 75 cm Premium Çelik Kasa – Parmak İzi & Şifre,"Premium 75 cm Çelik Kasa, Şifreli, Geniş Hacimli | Çelik Kasacı","75 cm premium çelik kasa. Parmak izi, dijital şifre ve anahtar kilitli. Siyah, beyaz ve gri renk seçenekleriyle üst düzey güvenlik ve şık tasarım.","Premium 75 cm Çelik Kasa, Şifreli, Geniş Hacimli. Dış ölçü 75x55x58 cm. İstanbul içinde teslimat, taşıma ve kurulum fiyata dahil."
ultra-guvenlikli-4kapakli-celik-kasa,4 Kapaklı Şifreli Çelik Kasa – Güvenli Kasa | Çelik Kasacı,"4 Kapaklı Çelik Kasa, Şifreli, Bağımsız Bölmeli | Çelik Kasacı",4 kapaklı şifreli çelik kasa: bağımsız bölmeli organizatör sistemi. İş yeri ve aile kullanımı için dijital ve anahtarlı güvenlik.,"4 Kapaklı Çelik Kasa, Şifreli, Bağımsız Bölmeli. İstanbul içinde teslimat, taşıma ve kurulum fiyata dahil; 15:00'e kadar verilen siparişlerde aynı gün teslim."
kuyumcu-tipi-profesyonel-asansorlu-vitrin-kasa,Asansörlü Kuyumcu Kasası – Zırhlı Vitrin | Çelik Kasacı,"Asansörlü Kuyumcu Vitrin Kasası, Zırhlı, Gizli Bölmeli | Çelik Kasacı","Kuyumcu asansörlü vitrin kasa: su verilmiş çelik, darbe kilidi, gizli bölme. Profesyonel kuyumcu güvenliği için özel üretim.","Asansörlü Kuyumcu Vitrin Kasası, Zırhlı, Gizli Bölmeli. İstanbul içinde teslimat, taşıma ve kurulum fiyata dahil."
genis-asansorlu-kuyumcu-kasasi,Geniş Kuyumcu Kasası Zırhlı Vitrin | Çelik Kasacı,"Asansörlü Kuyumcu Kasası, Zırhlı Vitrin Kasası | Çelik Kasacı","Genişletilmiş vitrin alanına sahip, asansörlü profesyonel kuyumcu kasası. Su verilmiş çelik zırh, darbe anında kilitlenme ve gizli bölmelerle tam koruma.","Asansörlü Kuyumcu Kasası, Zırhlı Vitrin Kasası. İstanbul içinde teslimat, taşıma ve kurulum fiyata dahil; 15:00'e kadar verilen siparişlerde aynı gün teslim."
ultra-guvenlikli-2-kapakli-celik-kasa,2 Kapaklı Dijital Çelik Kasa – Gold | Çelik Kasacı,"Banko Kuyumcu Kasası, Dijital Şifreli ve Anahtarlı | Çelik Kasacı",2 kapaklı gold çelik kasa: dijital şifre ve anahtar kilit. Bağımsız bölmeli altın renk organizatör. Kuyumcu ve ofis kullanımı.,"Banko Kuyumcu Kasası, Dijital Şifreli ve Anahtarlı. İstanbul içinde teslimat, taşıma ve kurulum fiyata dahil."
ultra-guvenlikli-5kapakli-celik-kasa,5 Kapaklı Şifreli Çelik Kasa – Organizatör | Çelik Kasacı,"5 Kapaklı Çelik Kasa, Dijital Şifreli, Bağımsız Bölmeli | Çelik Kasacı","5 bağımsız bölmeli, dijital şifreli ve anahtarlı profesyonel çelik kasa. İş yerleri ve geniş aileler için maksimum güvenlikli organizatör sistemi.","5 Kapaklı Çelik Kasa, Dijital Şifreli, Bağımsız Bölmeli. İstanbul içinde teslimat, taşıma ve kurulum fiyata dahil."
ultra-guvenlikli-3-kapakli-celik-kasa,3 Kapaklı Şifreli Çelik Kasa – Organizatör | Çelik Kasacı,"3 Kapaklı Çelik Kasa, Şifreli ve Anahtarlı | Çelik Kasacı",3 kapaklı şifreli çelik kasa: bağımsız bölmeli dijital organizatör. İş yeri ve aile için anahtarlı güvenlik kasası modeli.,"3 Kapaklı Çelik Kasa, Şifreli ve Anahtarlı. İstanbul içinde teslimat, taşıma ve kurulum fiyata dahil; 15:00'e kadar verilen siparişlerde aynı gün teslim."
