handle,status,title,price_tl,model_kodu,seri,dis_yukseklik_cm,dis_genislik_cm,dis_derinlik_cm,ic_yukseklik_cm,ic_genislik_cm,ic_derinlik_cm,agirlik_kg,govde_sac_mm,kapi_sac_mm,dolgu,kilit_tipi,kilit_marka,surgu_adet,surgu_cap_mm,sabitleme,raf_adet,yangin_sertifikasi,hirsizlik_sinifi,garanti_yil,uretim_yeri,teslim_suresi_gun,hints_from_current_title_to_confirm
105-cm-premium-kasa,ACTIVE,Premium 105 cm Şifreli Çelik Kasa – Büyük Tip Profesyonel Kasa,120000,,,,,,,,,,,,,,,,,,,,,,,,title says 105 cm; title says Şifreli
105-cm-zirhli-kasa,ACTIVE,"PANZER 105 cm Zırhlı Çelik Kasa – Şifreli, Anahtarlı ve Parmak İzi Okuyuculu",185000,,,,,,,,,,,,,,,,,,,,,,,,title says 105 cm; title says Anahtarlı; title says Şifreli; title says Parmak
105cm-celik-kasa,ACTIVE,CK 105 cm Anahtarlı Çelik Kasa – Geniş Hacimli Ofis Güvenlik Kasası,26000,,,,,,,,,,,,,,,,,,,,,,,,title says 105 cm; title says Anahtarlı
105cm-celik-kasa-350kg,ACTIVE,105 CM 350 KG Şifreli Çelik Kasa – Büyük Tip Profesyonel Kasa,175000,,,,,,,,,,,,,,,,,,,,,,,,title says 350 kg; title says 105 cm; title says Şifreli
105cm-celik-kasa-sifreli,ACTIVE,CK 105 cm Şifreli Çelik Kasa – Büyük Tip Ofis ve Kurumsal Güvenlik Kasası,29000,,,,,,,,,,,,,,,,,,,,,,,,title says 105 cm; title says Şifreli
150-cm-kuyumcu-kasasi,ACTIVE,150 Cm 2 Kapak Banko Kuyumcu Kasası,175000,,,,,,,,,,,,,,,,,,,,,,,,title says 150 cm
180-cm-kuyumcu-kasasi,ACTIVE,180 cm 3 Kapaplı Banko Kuyumcu Kasası – Üç Bölmeli Yüksek Güvenlik Kasası,200000,,,,,,,,,,,,,,,,,,,,,,,,title says 180 cm
200-cm-mucevher-guvenli,ACTIVE,200 cm Yüksek Güvenlikli Banko Mücevher Kasası – Kuyumcu Tezgah Altı Kasası,225000,,,,,,,,,,,,,,,,,,,,,,,,title says 200 cm
2055-premium-model-ev-tipi-celik-kasa,ACTIVE,Premium 55 cm Şifreli Çelik Kasa – Ev & Ofis Tipi Para Kasası,60000,,,,,,,,,,,,,,,,,,,,,,,,title says 55 cm; title says Şifreli
2055-super-model-ev-tipi-celik-kasa,ACTIVE,PANZER 55 cm Zırhlı Çelik Kasa – Şifreli ve Anahtarlı Ev Güvenlik Kasası,75000,,,,,,,,,,,,,,,,,,,,,,,,title says 55 cm; title says Anahtarlı; title says Şifreli
2060-premium-model-celik-kasa,ACTIVE,Premium 60 cm Şifreli Çelik Kasa – Kompakt Yüksek Güvenlik Kasası,60000,,,,,,,,,,,,,,,,,,,,,,,,title says 60 cm; title says Şifreli
2060-super-model-celik-kasa,ACTIVE,"60 cm Şifreli Çelik Kasa – Kompakt, Yüksek Güvenlikli Ev ve Ofis Kasası",70000,,,,,,,,,,,,,,,,,,,,,,,,title says 60 cm; title says Şifreli
2085-super-model-celik-kasa,ACTIVE,PANZER 85 cm Zırhlı Çelik Kasa – Şifreli ve Anahtarlı Üst Seviye Koruma Kasası,115000,,,,,,,,,,,,,,,,,,,,,,,,title says 85 cm; title says Anahtarlı; title says Şifreli
2125-ofis-ve-buro-tipi-celik-kasalar,ACTIVE,"PANZER 125 cm Zırhlı Çelik Kasa – Geniş Hacimli, Şifreli ve Anahtarlı Ofis Kasası",200000,,,,,,,,,,,,,,,,,,,,,,,,title says 125 cm; title says Anahtarlı; title says Şifreli
2200-super-model-celik-kasa,ACTIVE,PANZER 200 cm Zırhlı Çelik Kasa – İş Yeri Tipi Ultra Güvenlik Kasası,295000,,,,,,,,,,,,,,,,,,,,,,,,title says 200 cm
22x43x40-cm-otel-kasalari,ACTIVE,Otel Kasası 22x43x40 cm – Anahtarlı Misafir Odası Güvenlik Kasası,5000,,,,,,,,,,,,,,,,,,,,,,,,title says 40 cm; title says Anahtarlı
22x43x40cm-otel-kasalari,ACTIVE,"Otel Kasası 22x43x40 cm – Şifreli Dijital Kilit, Otel Odası Güvenlik Kasası",4500,,,,,,,,,,,,,,,,,,,,,,,,title says 40 cm; title says Şifreli
25x35x25-cm-otel-kasalari,ACTIVE,"Otel Kasası 25x35x25 cm – Şifreli Dijital Kilit, Misafir Odası Güvenlik Kasası",3000,,,,,,,,,,,,,,,,,,,,,,,,title says 25 cm; title says Şifreli
25x35x25-cm-otel-kasalari-anahtarla,ACTIVE,Otel Kasası 25x35x25 cm – Anahtarlı Kompakt Misafir Odası Kasası,4000,,,,,,,,,,,,,,,,,,,,,,,,title says 25 cm; title says Anahtarlı
3125-super-model-celik-kasa,ACTIVE,"PANZER 125 cm Zırhlı Çelik Kasa – Çift Kapaplı, Şifreli ve Anahtarlı Güvenlik Kasası",210000,,,,,,,,,,,,,,,,,,,,,,,,title says 125 cm; title says Anahtarlı; title says Şifreli
50x35x31-cm-otel-kasalari,ACTIVE,"Otel Kasası 50x35x31 cm – Şifreli Dijital Kilit, Misafir Odası Güvenlik Kasası",6500,,,,,,,,,,,,,,,,,,,,,,,,title says 31 cm; title says Şifreli
55cm-celik-kasa,ACTIVE,CK 55 cm Anahtarlı Çelik Kasa – Kompakt Dayanıklı Ev Güvenlik Kasası,20000,,,,,,,,,,,,,,,,,,,,,,,,title says 55 cm; title says Anahtarlı
55cm-celik-kasa-sifreli,ACTIVE,CK 55 cm Şifreli Çelik Kasa – Dayanıklı Para ve Belge Güvenlik Kasası,23000,,,,,,,,,,,,,,,,,,,,,,,,title says 55 cm; title says Şifreli
65cm-celik-kasa-180kg,ACTIVE,65 CM 180 KG Şifreli Para Kasası – Orta Boy Profesyonel Kasa,70000,,,,,,,,,,,,,,,,,,,,,,,,title says 180 kg; title says 65 cm; title says Şifreli
65cm-premium-celik-kasa,ACTIVE,Premium 65 cm Şifreli Çelik Kasa – Orta Boy Profesyonel Kasa,60000,,,,,,,,,,,,,,,,,,,,,,,,title says 65 cm; title says Şifreli
65cm-zirhli-celik-kasa,ACTIVE,PANZER 65 cm Zırhlı Çelik Kasa – Şifreli ve Anahtarlı Yüksek Güvenlik,85000,,,,,,,,,,,,,,,,,,,,,,,,title says 65 cm; title says Anahtarlı; title says Şifreli
70-cm-premium-kasa-300-kg,ACTIVE,Premium 70 cm Anahtarlı Çelik Kasa – Orta Boy Ofis Kasası,65000,,,,,,,,,,,,,,,,,,,,,,,,title says 70 cm; title says Anahtarlı
70-cm-zirhli-kasa-300-kg,ACTIVE,PANZER 70 cm Zırhlı Çelik Kasa 300 KG – Anahtarlı Profesyonel Güvenlik Kasası,100000,,,,,,,,,,,,,,,,,,,,,,,,title says 300 kg; title says 70 cm; title says Anahtarlı
70cm-celik-kasa,ACTIVE,CK 70 cm Anahtarlı Çelik Kasa – Orta Boy Ev ve Ofis Güvenlik Kasası,22000,,,,,,,,,,,,,,,,,,,,,,,,title says 70 cm; title says Anahtarlı
70cm-celik-kasa-200kg,ACTIVE,Premium 70 cm Şifreli Çelik Kasa – Dayanıklı Ofis Tipi Kasa,65000,,,,,,,,,,,,,,,,,,,,,,,,title says 70 cm; title says Şifreli
70cm-celik-kasa-sifreli,ACTIVE,CK 70 cm Şifreli Çelik Kasa – Geniş Hacimli Ev ve Ofis Güvenlik Kasası,25000,,,,,,,,,,,,,,,,,,,,,,,,title says 70 cm; title says Şifreli
75cm-premium-celik-kasa,ACTIVE,Premium 75 cm Şifreli Çelik Kasa – Geniş Hacimli Güvenlik Kasası,70000,,,,,,,,,,,,,,,,,,,,,,,,title says 75 cm; title says Şifreli
75cm-zirhli-celik-kasa,ACTIVE,PANZER 75 cm Zırhlı Çelik Kasa – Şifreli ve Anahtarlı Model,100000,,,,,,,,,,,,,,,,,,,,,,,,title says 75 cm; title says Anahtarlı; title says Şifreli
85-cm-premium-kasa,ACTIVE,Premium 85 cm Şifreli Çelik Kasa – Yüksek Güvenlikli Ofis Kasası,85000,,,,,,,,,,,,,,,,,,,,,,,,title says 85 cm; title says Şifreli
85-cm-zirhli-kasa,ACTIVE,PANZER 85 cm Zırhlı Çelik Kasa – Şifreli ve Anahtarlı Profesyonel Güvenlik Kasası,120000,,,,,,,,,,,,,,,,,,,,,,,,title says 85 cm; title says Anahtarlı; title says Şifreli
85cm-celik-kasa,ACTIVE,CK 85 cm Anahtarlı Çelik Kasa – Ev ve Ofis Tipi Güvenlik Kasası,24000,,,,,,,,,,,,,,,,,,,,,,,,title says 85 cm; title says Anahtarlı
85cm-celik-kasa-250kg,ACTIVE,85 cm 250 KG Ofis Tipi Çelik Kasa – Yüksek Güvenlikli Ofis Kasası,85000,,,,,,,,,,,,,,,,,,,,,,,,title says 250 kg; title says 85 cm
85cm-celik-kasa-sifreli,ACTIVE,CK 85 cm Şifreli Çelik Kasa – Yüksek Güvenlikli Ev ve Ofis Kasası,27000,,,,,,,,,,,,,,,,,,,,,,,,title says 85 cm; title says Şifreli
genis-asansorlu-kuyumcu-kasasi,ACTIVE,Asansörlü Kuyumcu Kasası – Zırhlı Vitrin Kasası,450000,,,,,,,,,,,,,,,,,,,,,,,,
kuyumcu-tipi-profesyonel-asansorlu-vitrin-kasa,ACTIVE,Asansörlü Kuyumcu Vitrin Kasa – Zırhlı & Gizli Bölme,350000,,,,,,,,,,,,,,,,,,,,,,,,
ultra-guvenlikli-2-kapakli-celik-kasa,ACTIVE,Banko Kuyumcu Kasası – Dijital Şifreli Anahtarlı,175000,,,,,,,,,,,,,,,,,,,,,,,,title says Anahtarlı; title says Şifreli
ultra-guvenlikli-3-kapakli-celik-kasa,ACTIVE,3 Kapaklı Şifreli Çelik Kasa – Anahtarlı Güvenlik Kasası,250000,,,,,,,,,,,,,,,,,,,,,,,,title says Anahtarlı; title says Şifreli
ultra-guvenlikli-4kapakli-celik-kasa,ACTIVE,4 Kapaklı Şifreli Çelik Kasa – Bağımsız Bölmeli,250000,,,,,,,,,,,,,,,,,,,,,,,,title says Şifreli
ultra-guvenlikli-5kapakli-celik-kasa,ACTIVE,5 Kapaklı Şifreli Çelik Kasa – Dijital & Bağımsız Bölmeli,300000,,,,,,,,,,,,,,,,,,,,,,,,title says Şifreli
zirhli-ozel-yapim-kuyumcu-kasasi,ACTIVE,"Zırhlı Özel Yapım Kuyumcu Kasası 1150 KG – Yangın, Patlama ve Neme Dayanıklı",170000,,,,,,,,,,,,,,,,,,,,,,,,title says 1150 kg
105cm-celik-kasa-siyah,DRAFT,105cm Çelik Kasa – Siyah,19000,,,,,,,,,,,,,,,,,,,,,,,,title says 105 cm
105cm-celik-kasa-siyah-sifreli,DRAFT,105cm Çelik Kasa – Siyah (Şifreli),21000,,,,,,,,,,,,,,,,,,,,,,,,title says 105 cm; title says Şifreli
2055-super-model-celik-kasa,DRAFT,2055 Süper Model Çelik Kasa,65000,,,,,,,,,,,,,,,,,,,,,,,,
3150-super-model-celik-kasa,DRAFT,3150 Süper Model Çelik Kasa,195000,,,,,,,,,,,,,,,,,,,,,,,,
55-cm-premium-kasa-250-kg,DRAFT,Premium 55 cm Anahtarlı Çelik Kasa – Kompakt Ev Tipi Kasa,60000,,,,,,,,,,,,,,,,,,,,,,,,title says 55 cm; title says Anahtarlı
55-cm-zirhli-kasa-250-kg,DRAFT,55 CM ZIRHLI KASA 250 KG,75000,,,,,,,,,,,,,,,,,,,,,,,,title says 250 kg; title says 55 cm
55cm-celik-kasa-siyah,DRAFT,55cm Çelik Kasa - Siyah,15000,,,,,,,,,,,,,,,,,,,,,,,,title says 55 cm
55cm-celik-kasa-siyah-sifreli,DRAFT,55cm Çelik Kasa - Siyah (Şifreli),17000,,,,,,,,,,,,,,,,,,,,,,,,title says 55 cm; title says Şifreli
70cm-celik-kasa-siyah,DRAFT,70cm Çelik Kasa – Siyah,17000,,,,,,,,,,,,,,,,,,,,,,,,title says 70 cm
70cm-celik-kasa-siyah-sifreli,DRAFT,70cm Çelik Kasa – Siyah (Şifreli),19000,,,,,,,,,,,,,,,,,,,,,,,,title says 70 cm; title says Şifreli
801-evrak-kasas,DRAFT,801 Evrak Kasası – Belgelerinize Güvenli ve Düzenli Koruma,0,,,,,,,,,,,,,,,,,,,,,,,,
809-evrak-kasas,DRAFT,"809 Evrak Kasası: Güçlü, Güvenilir ve Şık Saklama",0,,,,,,,,,,,,,,,,,,,,,,,,
85cm-celik-kasa-siyah,DRAFT,85cm Çelik Kasa – Siyah,18000,,,,,,,,,,,,,,,,,,,,,,,,title says 85 cm
85cm-celik-kasa-siyah-sifreli,DRAFT,85cm Çelik Kasa – Siyah (Şifreli),20000,,,,,,,,,,,,,,,,,,,,,,,,title says 85 cm; title says Şifreli
