handle,title,dis_yukseklik_cm,dis_genislik_cm,dis_derinlik_cm,ic_yukseklik_cm,ic_genislik_cm,ic_derinlik_cm,agirlik_kg,agirlik_kaynak,kapi_sac_mm,govde_sac_mm,surgu_adet,surgu_cap_mm,raf_adet,garanti_yil,conflicts_and_checks
105-cm-premium-kasa,Premium 105 cm Şifreli Çelik Kasa – Büyük Tip Profesyonel Kasa,105,60,57,72,47,33,350,description,,,,,,,fingerprint lock mentioned; confirm
105-cm-zirhli-kasa,"PANZER 105 cm Zırhlı Çelik Kasa – Şifreli, Anahtarlı ve Parmak İzi Okuyuculu",105,60,57,67,47,29,,,,,,,,,fingerprint lock mentioned; confirm
105cm-celik-kasa,CK 105 cm Anahtarlı Çelik Kasa – Geniş Hacimli Ofis Güvenlik Kasası,105,47,38,,,,180,description,,,,,,,
105cm-celik-kasa-350kg,105 CM 350 KG Şifreli Çelik Kasa – Büyük Tip Profesyonel Kasa,105,60,57,72,47,33,350,description,,,,,,,description claims fire resistance; no certificate on file
105cm-celik-kasa-sifreli,CK 105 cm Şifreli Çelik Kasa – Büyük Tip Ofis ve Kurumsal Güvenlik Kasası,105,47,38,,,,140,description,,,,,,,
150-cm-kuyumcu-kasasi,150 Cm 2 Kapak Banko Kuyumcu Kasası,60,150,50,,,,,,,,,,,,"height: title 150 cm, description 60 cm"
180-cm-kuyumcu-kasasi,"180 cm 3 Kapaklı Banko Kuyumcu Kasası, Üç Bölmeli Yüksek Güvenlik Kasası",180,,,,,,,,,,,,,,description claims fire resistance; no certificate on file
200-cm-mucevher-guvenli,200 cm Yüksek Güvenlikli Banko Mücevher Kasası – Kuyumcu Tezgah Altı Kasası,200,,,,,,,,,,,,,,description claims fire resistance; no certificate on file
2055-premium-model-ev-tipi-celik-kasa,Premium 55 cm Şifreli Çelik Kasa – Ev & Ofis Tipi Para Kasası,,,,,,,,,,,,,,,
2055-super-model-ev-tipi-celik-kasa,PANZER 55 cm Zırhlı Çelik Kasa – Şifreli ve Anahtarlı Ev Güvenlik Kasası,,,,,,,,,,,,,,,
2060-premium-model-celik-kasa,Premium 60 cm Şifreli Çelik Kasa – Kompakt Yüksek Güvenlik Kasası,,,,,,,,,,,,,,,
2060-super-model-celik-kasa,"60 cm Şifreli Çelik Kasa – Kompakt, Yüksek Güvenlikli Ev ve Ofis Kasası",,,,,,,,,,,,,,,
2085-super-model-celik-kasa,PANZER 85 cm Zırhlı Çelik Kasa – Şifreli ve Anahtarlı Üst Seviye Koruma Kasası,85,55,50,,,,,,,,,,1,,
2125-ofis-ve-buro-tipi-celik-kasalar,"PANZER 125 cm Zırhlı Çelik Kasa – Geniş Hacimli, Şifreli ve Anahtarlı Ofis Kasası",,,,,,,,,,,,,,,
2200-super-model-celik-kasa,PANZER 200 cm Zırhlı Çelik Kasa – İş Yeri Tipi Ultra Güvenlik Kasası,200,120,90,,,,,,,,,,,,description claims fire resistance; no certificate on file; fingerprint lock mentioned; confirm
22x43x40-cm-otel-kasalari,Otel Kasası 22x43x40 cm – Anahtarlı Misafir Odası Güvenlik Kasası,40,22,43,,,,,,,,,,,,
22x43x40cm-otel-kasalari,"Otel Kasası 22x43x40 cm – Şifreli Dijital Kilit, Otel Odası Güvenlik Kasası",25,25,35,,,,,,,,,,,,"size: title 22x43x40, description 25x25x35"
25x35x25-cm-otel-kasalari,"Otel Kasası 25x35x25 cm – Şifreli Dijital Kilit, Misafir Odası Güvenlik Kasası",25,25,35,,,,,,,,,,,,
25x35x25-cm-otel-kasalari-anahtarla,Otel Kasası 25x35x25 cm – Anahtarlı Kompakt Misafir Odası Kasası,25,25,35,,,,,,,,,,,,
3125-super-model-celik-kasa,"PANZER 125 cm Zırhlı Çelik Kasa, Çift Kapaklı, Şifreli ve Anahtarlı Güvenlik Kasası",125,60,55,,,,,,,,,,2,2,description claims fire resistance; no certificate on file
50x35x31-cm-otel-kasalari,"Otel Kasası 50x35x31 cm – Şifreli Dijital Kilit, Misafir Odası Güvenlik Kasası",31,50,35,,,,,,,,,,,,
55cm-celik-kasa,CK 55 cm Anahtarlı Çelik Kasa – Kompakt Dayanıklı Ev Güvenlik Kasası,55,45,38,,,,90,description,,,3,30,,,
55cm-celik-kasa-sifreli,CK 55 cm Şifreli Çelik Kasa – Dayanıklı Para ve Belge Güvenlik Kasası,55,45,38,,,,90,description,,,3,30,,,
65cm-celik-kasa-180kg,65 CM 180 KG Şifreli Para Kasası – Orta Boy Profesyonel Kasa,65,51,51,27,39,25,180,description,,,,,,,description claims fire resistance; no certificate on file
65cm-premium-celik-kasa,Premium 65 cm Şifreli Çelik Kasa – Orta Boy Profesyonel Kasa,65,50,51,32,37,24,,,,,,,,,fingerprint lock mentioned; confirm
65cm-zirhli-celik-kasa,PANZER 65 cm Zırhlı Çelik Kasa – Şifreli ve Anahtarlı Yüksek Güvenlik,65,50,51,32,37,24,,,,,,,,,description claims fire resistance; no certificate on file; fingerprint lock mentioned; confirm
70-cm-premium-kasa-300-kg,Premium 70 cm Anahtarlı Çelik Kasa – Orta Boy Ofis Kasası,,,,,,,300,description,8,4,,,1,,description claims fire resistance; no certificate on file
70-cm-zirhli-kasa-300-kg,PANZER 70 cm Zırhlı Çelik Kasa 300 KG – Anahtarlı Profesyonel Güvenlik Kasası,70,50,50,,,,350,description,8,4,,,1,2,"weight: title 300 kg, description 350 kg; description claims fire resistance; no certificate on file"
70cm-celik-kasa,CK 70 cm Anahtarlı Çelik Kasa – Orta Boy Ev ve Ofis Güvenlik Kasası,70,50,38,,,,110,description,,,3,30,,,
70cm-celik-kasa-200kg,Premium 70 cm Şifreli Çelik Kasa – Dayanıklı Ofis Tipi Kasa,70,51,50,30,39,24,200,description,,,,,,,description claims fire resistance; no certificate on file
70cm-celik-kasa-sifreli,CK 70 cm Şifreli Çelik Kasa – Geniş Hacimli Ev ve Ofis Güvenlik Kasası,70,50,38,,,,110,description,,,,,,,
75cm-premium-celik-kasa,Premium 75 cm Şifreli Çelik Kasa – Geniş Hacimli Güvenlik Kasası,75,55,58,44,43,28,,,,,,,,,fingerprint lock mentioned; confirm
75cm-zirhli-celik-kasa,PANZER 75 cm Zırhlı Çelik Kasa – Şifreli ve Anahtarlı Model,75,55,58,44,43,28,,,,,,,,,fingerprint lock mentioned; confirm
85-cm-premium-kasa,Premium 85 cm Şifreli Çelik Kasa – Yüksek Güvenlikli Ofis Kasası,85,60,56,53,47,33,,,,,,,,,description claims fire resistance; no certificate on file; fingerprint lock mentioned; confirm
85-cm-zirhli-kasa,PANZER 85 cm Zırhlı Çelik Kasa – Şifreli ve Anahtarlı Profesyonel Güvenlik Kasası,85,60,56,53,47,33,,,,,,,,,description claims fire resistance; no certificate on file; fingerprint lock mentioned; confirm
85cm-celik-kasa,CK 85 cm Anahtarlı Çelik Kasa – Ev ve Ofis Tipi Güvenlik Kasası,85,45,38,,,,120,description,,,,,,,
85cm-celik-kasa-250kg,85 cm 250 KG Ofis Tipi Çelik Kasa – Yüksek Güvenlikli Ofis Kasası,85,60,56,53,47,33,250,description,,,,,,,description claims fire resistance; no certificate on file
85cm-celik-kasa-sifreli,CK 85 cm Şifreli Çelik Kasa – Yüksek Güvenlikli Ev ve Ofis Kasası,85,45,38,,,,120,description,,,,,,,
genis-asansorlu-kuyumcu-kasasi,Asansörlü Kuyumcu Kasası – Zırhlı Vitrin Kasası,,,,,,,,,,,,,,,fingerprint lock mentioned; confirm
kuyumcu-tipi-profesyonel-asansorlu-vitrin-kasa,Asansörlü Kuyumcu Vitrin Kasa – Zırhlı & Gizli Bölme,,,,,,,,,,,,,,,fingerprint lock mentioned; confirm
ultra-guvenlikli-2-kapakli-celik-kasa,Banko Kuyumcu Kasası – Dijital Şifreli Anahtarlı,,,,,,,,,,,,,,,
ultra-guvenlikli-3-kapakli-celik-kasa,3 Kapaklı Şifreli Çelik Kasa – Anahtarlı Güvenlik Kasası,,,,,,,,,,,,,,,
ultra-guvenlikli-4kapakli-celik-kasa,4 Kapaklı Şifreli Çelik Kasa – Bağımsız Bölmeli,,,,,,,,,,,,,,,description claims fire resistance; no certificate on file
ultra-guvenlikli-5kapakli-celik-kasa,5 Kapaklı Şifreli Çelik Kasa – Dijital & Bağımsız Bölmeli,,,,,,,,,,,,,,,
zirhli-ozel-yapim-kuyumcu-kasasi,"Zırhlı Özel Yapım Kuyumcu Kasası 1150 KG – Yangın, Patlama ve Neme Dayanıklı",75,,60,,,,1150,description,,,,,,,description claims fire resistance; no certificate on file
