handle,old_title,new_title
70-cm-zirhli-kasa-300-kg,PANZER 70 cm Zırhlı Çelik Kasa 300 KG – Anahtarlı Profesyonel Güvenlik Kasası,"PANZER 70 cm Zırhlı Çelik Kasa, 300 kg, Anahtarlı"
85-cm-zirhli-kasa,PANZER 85 cm Zırhlı Çelik Kasa – Şifreli ve Anahtarlı Profesyonel Güvenlik Kasası,"PANZER 85 cm Zırhlı Çelik Kasa, Şifreli ve Anahtarlı"
105-cm-zirhli-kasa,"PANZER 105 cm Zırhlı Çelik Kasa – Şifreli, Anahtarlı ve Parmak İzi Okuyuculu","PANZER 105 cm Zırhlı Çelik Kasa, Şifreli, Anahtarlı ve Parmak İzli"
2200-super-model-celik-kasa,PANZER 200 cm Zırhlı Çelik Kasa – İş Yeri Tipi Ultra Güvenlik Kasası,"PANZER 200 cm Zırhlı Çelik Kasa, İş Yeri Tipi"
2125-ofis-ve-buro-tipi-celik-kasalar,"PANZER 125 cm Zırhlı Çelik Kasa – Geniş Hacimli, Şifreli ve Anahtarlı Ofis Kasası","PANZER 125 cm Zırhlı Çelik Kasa, Geniş Hacimli Ofis Kasası, Şifreli ve Anahtarlı"
2085-super-model-celik-kasa,PANZER 85 cm Zırhlı Çelik Kasa – Şifreli ve Anahtarlı Üst Seviye Koruma Kasası,"PANZER 85 cm Zırhlı Çelik Kasa, Üst Seviye Koruma, Şifreli ve Anahtarlı"
2060-super-model-celik-kasa,"60 cm Şifreli Çelik Kasa – Kompakt, Yüksek Güvenlikli Ev ve Ofis Kasası","60 cm Çelik Kasa, Şifreli, Kompakt Ev ve Ofis Kasası"
2055-super-model-ev-tipi-celik-kasa,PANZER 55 cm Zırhlı Çelik Kasa – Şifreli ve Anahtarlı Ev Güvenlik Kasası,"PANZER 55 cm Zırhlı Çelik Kasa, Ev Tipi, Şifreli ve Anahtarlı"
50x35x31-cm-otel-kasalari,"Otel Kasası 50x35x31 cm – Şifreli Dijital Kilit, Misafir Odası Güvenlik Kasası","Otel Kasası 50x35x31 cm, Şifreli Dijital Kilit"
22x43x40-cm-otel-kasalari,Otel Kasası 22x43x40 cm – Anahtarlı Misafir Odası Güvenlik Kasası,"Otel Kasası 22x43x40 cm, Anahtarlı"
25x35x25-cm-otel-kasalari-anahtarla,Otel Kasası 25x35x25 cm – Anahtarlı Kompakt Misafir Odası Kasası,"Otel Kasası 25x35x25 cm, Anahtarlı"
25x35x25-cm-otel-kasalari,"Otel Kasası 25x35x25 cm – Şifreli Dijital Kilit, Misafir Odası Güvenlik Kasası","Otel Kasası 25x35x25 cm, Şifreli Dijital Kilit"
22x43x40cm-otel-kasalari,"Otel Kasası 22x43x40 cm – Şifreli Dijital Kilit, Otel Odası Güvenlik Kasası","Otel Kasası 22x43x40 cm, Şifreli Dijital Kilit"
85cm-celik-kasa-sifreli,CK 85 cm Şifreli Çelik Kasa – Yüksek Güvenlikli Ev ve Ofis Kasası,"CK 85 cm Çelik Kasa, Şifreli, Ev ve Ofis Tipi"
105cm-celik-kasa-sifreli,CK 105 cm Şifreli Çelik Kasa – Büyük Tip Ofis ve Kurumsal Güvenlik Kasası,"CK 105 cm Çelik Kasa, Şifreli, Büyük Tip Ofis Kasası"
105cm-celik-kasa,CK 105 cm Anahtarlı Çelik Kasa – Geniş Hacimli Ofis Güvenlik Kasası,"CK 105 cm Çelik Kasa, Anahtarlı, Geniş Hacimli Ofis Kasası"
85cm-celik-kasa,CK 85 cm Anahtarlı Çelik Kasa – Ev ve Ofis Tipi Güvenlik Kasası,"CK 85 cm Çelik Kasa, Anahtarlı, Ev ve Ofis Tipi"
70cm-celik-kasa-sifreli,CK 70 cm Şifreli Çelik Kasa – Geniş Hacimli Ev ve Ofis Güvenlik Kasası,"CK 70 cm Çelik Kasa, Şifreli, Ev ve Ofis Tipi"
70cm-celik-kasa,CK 70 cm Anahtarlı Çelik Kasa – Orta Boy Ev ve Ofis Güvenlik Kasası,"CK 70 cm Çelik Kasa, Anahtarlı, Ev ve Ofis Tipi"
55cm-celik-kasa-sifreli,CK 55 cm Şifreli Çelik Kasa – Dayanıklı Para ve Belge Güvenlik Kasası,"CK 55 cm Çelik Kasa, Şifreli, Para ve Belge Kasası"
55cm-celik-kasa,CK 55 cm Anahtarlı Çelik Kasa – Kompakt Dayanıklı Ev Güvenlik Kasası,"CK 55 cm Çelik Kasa, Anahtarlı, Kompakt Ev Kasası"
zirhli-ozel-yapim-kuyumcu-kasasi,"Zırhlı Özel Yapım Kuyumcu Kasası 1150 KG – Yangın, Patlama ve Neme Dayanıklı","Zırhlı Özel Yapım Kuyumcu Kasası, 1150 kg"
200-cm-mucevher-guvenli,200 cm Yüksek Güvenlikli Banko Mücevher Kasası – Kuyumcu Tezgah Altı Kasası,"200 cm Banko Mücevher Kasası, Kuyumcu Tezgah Altı"
105cm-celik-kasa-350kg,105 CM 350 KG Şifreli Çelik Kasa – Büyük Tip Profesyonel Kasa,"105 cm Çelik Kasa, 350 kg, Şifreli"
65cm-zirhli-celik-kasa,PANZER 65 cm Zırhlı Çelik Kasa – Şifreli ve Anahtarlı Yüksek Güvenlik,"PANZER 65 cm Zırhlı Çelik Kasa, Şifreli ve Anahtarlı"
65cm-celik-kasa-180kg,65 CM 180 KG Şifreli Para Kasası – Orta Boy Profesyonel Kasa,"65 cm Para Kasası, 180 kg, Şifreli"
70cm-celik-kasa-200kg,Premium 70 cm Şifreli Çelik Kasa – Dayanıklı Ofis Tipi Kasa,"Premium 70 cm Çelik Kasa, Şifreli, Ofis Tipi"
75cm-zirhli-celik-kasa,PANZER 75 cm Zırhlı Çelik Kasa – Şifreli ve Anahtarlı Model,"PANZER 75 cm Zırhlı Çelik Kasa, Şifreli ve Anahtarlı"
85cm-celik-kasa-250kg,85 cm 250 KG Ofis Tipi Çelik Kasa – Yüksek Güvenlikli Ofis Kasası,"85 cm Ofis Tipi Çelik Kasa, 250 kg"
70-cm-premium-kasa-300-kg,Premium 70 cm Anahtarlı Çelik Kasa – Orta Boy Ofis Kasası,"Premium 70 cm Çelik Kasa, Anahtarlı, Ofis Tipi"
85-cm-premium-kasa,Premium 85 cm Şifreli Çelik Kasa – Yüksek Güvenlikli Ofis Kasası,"Premium 85 cm Çelik Kasa, Şifreli, Ofis Tipi"
105-cm-premium-kasa,Premium 105 cm Şifreli Çelik Kasa – Büyük Tip Profesyonel Kasa,"Premium 105 cm Çelik Kasa, Şifreli, Büyük Tip"
2060-premium-model-celik-kasa,Premium 60 cm Şifreli Çelik Kasa – Kompakt Yüksek Güvenlik Kasası,"Premium 60 cm Çelik Kasa, Şifreli, Kompakt"
2055-premium-model-ev-tipi-celik-kasa,Premium 55 cm Şifreli Çelik Kasa – Ev & Ofis Tipi Para Kasası,"Premium 55 cm Çelik Kasa, Şifreli, Ev ve Ofis Tipi"
65cm-premium-celik-kasa,Premium 65 cm Şifreli Çelik Kasa – Orta Boy Profesyonel Kasa,"Premium 65 cm Çelik Kasa, Şifreli"
75cm-premium-celik-kasa,Premium 75 cm Şifreli Çelik Kasa – Geniş Hacimli Güvenlik Kasası,"Premium 75 cm Çelik Kasa, Şifreli, Geniş Hacimli"
ultra-guvenlikli-4kapakli-celik-kasa,4 Kapaklı Şifreli Çelik Kasa – Bağımsız Bölmeli,"4 Kapaklı Çelik Kasa, Şifreli, Bağımsız Bölmeli"
kuyumcu-tipi-profesyonel-asansorlu-vitrin-kasa,Asansörlü Kuyumcu Vitrin Kasa – Zırhlı & Gizli Bölme,"Asansörlü Kuyumcu Vitrin Kasası, Zırhlı, Gizli Bölmeli"
genis-asansorlu-kuyumcu-kasasi,Asansörlü Kuyumcu Kasası – Zırhlı Vitrin Kasası,"Asansörlü Kuyumcu Kasası, Zırhlı Vitrin Kasası"
ultra-guvenlikli-2-kapakli-celik-kasa,Banko Kuyumcu Kasası – Dijital Şifreli Anahtarlı,"Banko Kuyumcu Kasası, Dijital Şifreli ve Anahtarlı"
ultra-guvenlikli-5kapakli-celik-kasa,5 Kapaklı Şifreli Çelik Kasa – Dijital & Bağımsız Bölmeli,"5 Kapaklı Çelik Kasa, Dijital Şifreli, Bağımsız Bölmeli"
ultra-guvenlikli-3-kapakli-celik-kasa,3 Kapaklı Şifreli Çelik Kasa – Anahtarlı Güvenlik Kasası,"3 Kapaklı Çelik Kasa, Şifreli ve Anahtarlı"
180-cm-kuyumcu-kasasi,"180 cm 3 Kapaklı Banko Kuyumcu Kasası, Üç Bölmeli Yüksek Güvenlik Kasası","180 cm Banko Kuyumcu Kasası, 3 Kapaklı"
150-cm-kuyumcu-kasasi,150 Cm 2 Kapak Banko Kuyumcu Kasası,"150 cm Banko Kuyumcu Kasası, 2 Kapaklı"
